-- MySQL dump 10.13  Distrib 5.6.33, for Linux (x86_64)
--
-- Host: west-db-1.cbzqxajuwoqw.us-west-2.rds.amazonaws.com    Database: beanlet
-- ------------------------------------------------------
-- Server version	5.6.27-log

/*!40101 SET @OLD_CHARACTER_SET_CLIENT=@@CHARACTER_SET_CLIENT */;
/*!40101 SET @OLD_CHARACTER_SET_RESULTS=@@CHARACTER_SET_RESULTS */;
/*!40101 SET @OLD_COLLATION_CONNECTION=@@COLLATION_CONNECTION */;
/*!40101 SET NAMES utf8 */;
/*!40103 SET @OLD_TIME_ZONE=@@TIME_ZONE */;
/*!40103 SET TIME_ZONE='+00:00' */;
/*!40014 SET @OLD_UNIQUE_CHECKS=@@UNIQUE_CHECKS, UNIQUE_CHECKS=0 */;
/*!40014 SET @OLD_FOREIGN_KEY_CHECKS=@@FOREIGN_KEY_CHECKS, FOREIGN_KEY_CHECKS=0 */;
/*!40101 SET @OLD_SQL_MODE=@@SQL_MODE, SQL_MODE='NO_AUTO_VALUE_ON_ZERO' */;
/*!40111 SET @OLD_SQL_NOTES=@@SQL_NOTES, SQL_NOTES=0 */;

--
-- Table structure for table `DATABASECHANGELOG`
--

DROP TABLE IF EXISTS `DATABASECHANGELOG`;
/*!40101 SET @saved_cs_client     = @@character_set_client */;
/*!40101 SET character_set_client = utf8 */;
CREATE TABLE `DATABASECHANGELOG` (
  `ID` varchar(255) NOT NULL,
  `AUTHOR` varchar(255) NOT NULL,
  `FILENAME` varchar(255) NOT NULL,
  `DATEEXECUTED` datetime NOT NULL,
  `ORDEREXECUTED` int(11) NOT NULL,
  `EXECTYPE` varchar(10) NOT NULL,
  `MD5SUM` varchar(35) DEFAULT NULL,
  `DESCRIPTION` varchar(255) DEFAULT NULL,
  `COMMENTS` varchar(255) DEFAULT NULL,
  `TAG` varchar(255) DEFAULT NULL,
  `LIQUIBASE` varchar(20) DEFAULT NULL,
  `CONTEXTS` varchar(255) DEFAULT NULL,
  `LABELS` varchar(255) DEFAULT NULL,
  `DEPLOYMENT_ID` varchar(10) DEFAULT NULL
) ENGINE=InnoDB DEFAULT CHARSET=utf8;
/*!40101 SET character_set_client = @saved_cs_client */;

--
-- Dumping data for table `DATABASECHANGELOG`
--

LOCK TABLES `DATABASECHANGELOG` WRITE;
/*!40000 ALTER TABLE `DATABASECHANGELOG` DISABLE KEYS */;
INSERT INTO `DATABASECHANGELOG` VALUES ('1','joseph','classpath:/db/changelog/db.changelog-master.xml','2016-11-13 02:40:45',1,'EXECUTED','7:65c173fa51bb1b8518b1c896560cf63f','createTable tableName=user','',NULL,'3.5.1',NULL,NULL,'9004845674'),('2','joseph','classpath:/db/changelog/db.changelog-master.xml','2016-11-13 02:40:45',2,'EXECUTED','7:f0c0d2700832995bd52446856e287ca1','createTable tableName=user_role; createIndex indexName=user_role_user_id_idx, tableName=user_role','',NULL,'3.5.1',NULL,NULL,'9004845674'),('3','joseph','classpath:/db/changelog/db.changelog-master.xml','2016-11-13 02:40:45',3,'EXECUTED','7:754b99bf57c7086fab0a6319f7aa098f','insert tableName=user; insert tableName=user_role; insert tableName=user_role; insert tableName=user; insert tableName=user_role','add default users',NULL,'3.5.1',NULL,NULL,'9004845674'),('4','joseph','classpath:/db/changelog/db.changelog-master.xml','2016-11-13 02:40:46',4,'EXECUTED','7:7a237be6aac90d33c360273d601b52fa','createTable tableName=beanlet; createIndex indexName=beanlet_usr_id_dt_lst_idx, tableName=beanlet','create beanlet table',NULL,'3.5.1',NULL,NULL,'9004845674'),('5','joseph','classpath:/db/changelog/db.changelog-master.xml','2016-11-13 02:40:46',5,'EXECUTED','7:9830512ae523f9566af9c2068254bef3','insert tableName=beanlet; insert tableName=beanlet; insert tableName=beanlet; insert tableName=beanlet; insert tableName=beanlet','add beanlet test data',NULL,'3.5.1',NULL,NULL,'9004845674'),('6','joseph','classpath:/db/changelog/db.changelog-master.xml','2016-11-13 02:40:46',6,'EXECUTED','7:2bebc5abade5383603aed4203395f292','createTable tableName=remember_me_token; createIndex indexName=rmt_username_idx, tableName=remember_me_token','',NULL,'3.5.1',NULL,NULL,'9004845674'),('7','joseph','classpath:/db/changelog/db.changelog-master.xml','2016-11-13 02:40:46',7,'EXECUTED','7:e6628651bc7ecc22ef64988788d6c505','createTable tableName=bean; createIndex indexName=bean_blt_id_idx, tableName=bean','create bean table',NULL,'3.5.1',NULL,NULL,'9004845674'),('8','joseph','classpath:/db/changelog/db.changelog-master.xml','2016-11-13 02:40:46',8,'EXECUTED','7:685cfb2d08d4d13bdc86f685a9c78380','insert tableName=bean; insert tableName=bean; insert tableName=bean','add default bean data',NULL,'3.5.1',NULL,NULL,'9004845674');
/*!40000 ALTER TABLE `DATABASECHANGELOG` ENABLE KEYS */;
UNLOCK TABLES;

--
-- Table structure for table `DATABASECHANGELOGLOCK`
--

DROP TABLE IF EXISTS `DATABASECHANGELOGLOCK`;
/*!40101 SET @saved_cs_client     = @@character_set_client */;
/*!40101 SET character_set_client = utf8 */;
CREATE TABLE `DATABASECHANGELOGLOCK` (
  `ID` int(11) NOT NULL,
  `LOCKED` bit(1) NOT NULL,
  `LOCKGRANTED` datetime DEFAULT NULL,
  `LOCKEDBY` varchar(255) DEFAULT NULL,
  PRIMARY KEY (`ID`)
) ENGINE=InnoDB DEFAULT CHARSET=utf8;
/*!40101 SET character_set_client = @saved_cs_client */;

--
-- Dumping data for table `DATABASECHANGELOGLOCK`
--

LOCK TABLES `DATABASECHANGELOGLOCK` WRITE;
/*!40000 ALTER TABLE `DATABASECHANGELOGLOCK` DISABLE KEYS */;
INSERT INTO `DATABASECHANGELOGLOCK` VALUES (1,'\0',NULL,NULL);
/*!40000 ALTER TABLE `DATABASECHANGELOGLOCK` ENABLE KEYS */;
UNLOCK TABLES;

--
-- Table structure for table `bean`
--

DROP TABLE IF EXISTS `bean`;
/*!40101 SET @saved_cs_client     = @@character_set_client */;
/*!40101 SET character_set_client = utf8 */;
CREATE TABLE `bean` (
  `id` char(32) NOT NULL,
  `date_created` datetime NOT NULL,
  `date_modified` datetime NOT NULL,
  `version` int(11) DEFAULT NULL,
  `beanlet_id` char(32) NOT NULL,
  `utcdate` datetime NOT NULL,
  `local_date` datetime NOT NULL,
  `local_time_zone` varchar(64) NOT NULL,
  PRIMARY KEY (`id`),
  KEY `bean_blt_id_idx` (`beanlet_id`,`local_date`)
) ENGINE=InnoDB DEFAULT CHARSET=utf8;
/*!40101 SET character_set_client = @saved_cs_client */;

--
-- Dumping data for table `bean`
--

LOCK TABLES `bean` WRITE;
/*!40000 ALTER TABLE `bean` DISABLE KEYS */;
INSERT INTO `bean` VALUES ('003a8f9c1c934c46a223259759271dc6','2017-01-22 13:08:59','2017-01-22 13:08:59',0,'27a393b5dfd447ea93db6d40e0a62e5f','2017-01-18 18:00:00','2017-01-18 12:00:00','America/Chicago'),('006c8e36f1ce463b9b9fa6b5b010e6b2','2016-12-11 05:07:32','2016-12-11 05:07:32',0,'27a393b5dfd447ea93db6d40e0a62e5f','2016-09-29 17:00:00','2016-09-29 12:00:00','America/Chicago'),('0080ee0b8b5f4d36aa9a4d3f8f16f123','2017-04-07 13:09:17','2017-04-07 13:09:17',0,'27a393b5dfd447ea93db6d40e0a62e5f','2017-04-03 17:00:00','2017-04-03 12:00:00','America/Chicago'),('01bfd417a59b4c58af4c31185fa72729','2017-06-26 12:05:52','2017-06-26 12:05:52',0,'cf51344a52f44bdbb270c68ec7465561','2017-06-26 12:05:52','2017-06-26 07:05:52','America/Chicago'),('0211346ecd87472db5fe8c69314bc5a6','2018-01-16 16:46:58','2018-01-16 16:46:58',0,'27a393b5dfd447ea93db6d40e0a62e5f','2018-01-01 18:00:00','2018-01-01 12:00:00','America/Chicago'),('0289ff6f63d14f4b8c971c8b0f60ad13','2017-12-27 03:36:44','2017-12-27 03:36:44',0,'27a393b5dfd447ea93db6d40e0a62e5f','2017-12-24 17:00:00','2017-12-24 12:00:00','America/New_York'),('03afcf7344ec4796b8cd0c4a245bb1b6','2016-12-11 05:10:22','2016-12-11 05:10:22',0,'27a393b5dfd447ea93db6d40e0a62e5f','2016-11-26 18:00:00','2016-11-26 12:00:00','America/Chicago'),('03ca8055adb047d7a00c89c7976e8ad1','2018-03-29 17:48:16','2018-03-29 18:30:41',1,'3aa4e5df14c94682ac350772579b7f79','2018-03-29 09:15:00','2018-03-29 09:15:00','UTC'),('03d2ea8dd5ef4031b2f274ead5b5465a','2017-03-27 13:41:04','2017-03-27 13:41:04',0,'27a393b5dfd447ea93db6d40e0a62e5f','2017-03-26 17:00:00','2017-03-26 12:00:00','America/Chicago'),('03f2007042b34d6797e8d3e981336ebe','2016-12-11 05:10:54','2016-12-11 05:10:54',0,'27a393b5dfd447ea93db6d40e0a62e5f','2016-12-08 18:00:00','2016-12-08 12:00:00','America/Chicago'),('0489607d3e5947a28eca3cca5a5510fe','2017-10-06 10:48:24','2017-10-06 10:48:24',0,'3aa4e5df14c94682ac350772579b7f79','2017-10-02 17:00:00','2017-10-02 12:00:00','America/Chicago'),('05ea4420f08642f2aca79f458b98b804','2017-08-14 18:39:06','2017-08-14 18:39:14',1,'00fbaffc802644f08ecdeb4d1d7758a4','2017-08-09 16:00:00','2017-08-09 16:00:00','UTC'),('06900bd3c09742f3a4b4fc967906daac','2017-06-12 15:29:36','2017-06-12 15:29:44',1,'cf51344a52f44bdbb270c68ec7465561','2017-06-12 07:10:00','2017-06-12 07:10:00','UTC'),('075014775ba942bd8994497a6b9b6911','2017-03-05 04:33:03','2017-03-05 04:33:03',0,'3aa4e5df14c94682ac350772579b7f79','2017-03-05 04:33:03','2017-03-04 22:33:03','America/Chicago'),('0786a1022ed94ca7ae2051654ab2dd6e','2017-02-24 12:18:04','2017-02-24 12:18:04',0,'27a393b5dfd447ea93db6d40e0a62e5f','2017-02-23 18:00:00','2017-02-23 12:00:00','America/Chicago'),('082bed4f00b34020ad257928da01fe95','2017-07-10 15:11:04','2017-07-10 15:11:28',1,'cf51344a52f44bdbb270c68ec7465561','2017-07-10 08:15:00','2017-07-10 08:15:00','UTC'),('098eb12f54ce4c8ca7ee9155a8565287','2016-12-21 13:36:28','2016-12-21 13:36:28',0,'27a393b5dfd447ea93db6d40e0a62e5f','2016-12-20 18:00:00','2016-12-20 12:00:00','America/Chicago'),('09d05483fbab4bbba8d5ddfa7fd963eb','2018-01-16 16:47:21','2018-01-16 16:47:21',0,'27a393b5dfd447ea93db6d40e0a62e5f','2018-01-15 18:00:00','2018-01-15 12:00:00','America/Chicago'),('0a3e046c8a134cf8924d8b54f320ade6','2017-03-13 23:56:03','2017-03-13 23:56:03',0,'27a393b5dfd447ea93db6d40e0a62e5f','2017-03-12 17:00:00','2017-03-12 12:00:00','America/Chicago'),('0a8ea93d69b3434fa9665ee1ccde0afe','2017-01-25 22:05:30','2017-01-25 22:05:30',0,'c4496f78f77a45429ac6c33d3686dc77','2017-01-18 18:00:00','2017-01-18 12:00:00','America/Chicago'),('0aa3dfb10ca94572b97dd89805f67ee0','2018-05-15 11:12:29','2018-05-15 11:12:29',0,'0feee5b266ab446ba696066aafd4b05b','2018-05-13 17:00:00','2018-05-13 12:00:00','America/Chicago'),('0adef242d559424585a327d0ec520558','2017-02-18 14:01:30','2017-02-18 14:01:42',1,'3aa4e5df14c94682ac350772579b7f79','2017-02-17 22:00:00','2017-02-17 22:00:00','UTC'),('0ae3e02f13f741cd97562ab5de091af3','2017-01-12 15:59:55','2017-01-12 15:59:55',0,'690d46112e1a448e92c4a4bdf98414af','2017-01-12 15:59:55','2017-01-12 09:59:55','America/Chicago'),('0b2d6fb7bce047ec9581b52e1761a192','2016-12-11 05:08:46','2016-12-11 05:08:46',0,'27a393b5dfd447ea93db6d40e0a62e5f','2016-10-22 17:00:00','2016-10-22 12:00:00','America/Chicago'),('0bc44c85f11b46c5ada06033ba093071','2018-02-16 02:12:32','2018-02-16 02:12:47',1,'3aa4e5df14c94682ac350772579b7f79','2018-02-12 21:30:00','2018-02-12 21:30:00','UTC'),('0c106aab41174205a0d40b5f75c0d86d','2017-05-29 21:43:38','2017-05-29 21:43:45',1,'3aa4e5df14c94682ac350772579b7f79','2017-05-26 13:00:00','2017-05-26 13:00:00','UTC'),('0c783890c11344118208381eb894c6c8','2017-05-08 14:03:04','2017-05-08 14:03:04',0,'27a393b5dfd447ea93db6d40e0a62e5f','2017-05-07 17:00:00','2017-05-07 12:00:00','America/Chicago'),('0c8ce9aee7464d17a30326ac92eafa06','2017-09-27 17:26:15','2017-09-27 17:26:24',1,'cf51344a52f44bdbb270c68ec7465561','2017-09-25 20:00:00','2017-09-25 20:00:00','UTC'),('0d0da01c9d59493b93f5ae94ce517911','2017-04-21 21:19:33','2017-04-21 21:19:33',0,'0f74f38571ea4f3c884b39e2b3e22a67','2017-04-21 17:00:00','2017-04-21 12:00:00','America/Chicago'),('0d5e9f376895432bae87ba454be9ef0e','2017-03-12 04:31:41','2017-03-12 04:31:41',0,'27a393b5dfd447ea93db6d40e0a62e5f','2017-03-09 18:00:00','2017-03-09 12:00:00','America/Chicago'),('0da3a7b7b74c4333ad986502b42a63a0','2017-04-03 03:18:43','2017-04-03 03:18:43',0,'0f74f38571ea4f3c884b39e2b3e22a67','2017-03-29 17:00:00','2017-03-29 12:00:00','America/Chicago'),('0dcc3cb5fda94e2199e850fd697545e6','2017-11-16 22:17:24','2017-11-16 22:17:24',0,'27a393b5dfd447ea93db6d40e0a62e5f','2017-11-13 18:00:00','2017-11-13 12:00:00','America/Chicago'),('0e1abb3531074013998b79b1117a5329','2017-05-12 21:33:05','2017-05-12 21:33:05',0,'27a393b5dfd447ea93db6d40e0a62e5f','2017-05-10 17:00:00','2017-05-10 12:00:00','America/Chicago'),('0e1faf35a270498dbdcc15a913cd2d94','2017-01-10 12:56:02','2017-01-10 12:56:02',0,'27a393b5dfd447ea93db6d40e0a62e5f','2017-01-09 18:00:00','2017-01-09 12:00:00','America/Chicago'),('0e4e2e980cb7492483a10cc1e0339f6a','2016-12-11 05:07:51','2016-12-11 05:07:51',0,'27a393b5dfd447ea93db6d40e0a62e5f','2016-10-04 17:00:00','2016-10-04 12:00:00','America/Chicago'),('0eb0e289d6924ac0aa4ab85b2ef960c8','2017-01-07 15:35:33','2017-01-07 15:35:33',0,'27a393b5dfd447ea93db6d40e0a62e5f','2017-01-06 18:00:00','2017-01-06 12:00:00','America/Chicago'),('0ec49371151348d691cfedeba5c27f81','2018-04-28 15:56:06','2018-04-28 15:56:17',1,'3aa4e5df14c94682ac350772579b7f79','2018-04-20 11:00:00','2018-04-20 11:00:00','UTC'),('117e53b600a14bc49787f50dfd77f50b','2018-05-09 11:36:26','2018-05-09 11:36:26',0,'27a393b5dfd447ea93db6d40e0a62e5f','2018-05-08 17:00:00','2018-05-08 12:00:00','America/Chicago'),('11e537b2d8cb468da7d7293e505d21be','2016-12-24 17:06:37','2016-12-24 17:06:37',0,'c4496f78f77a45429ac6c33d3686dc77','2016-12-24 17:06:37','2016-12-24 11:06:37','America/Chicago'),('120a9bb43bb34a66ba68a55345eb11b2','2017-11-13 15:32:24','2017-11-13 15:32:24',0,'27a393b5dfd447ea93db6d40e0a62e5f','2017-11-10 18:00:00','2017-11-10 12:00:00','America/Chicago'),('121ad087e41e462ebd9dd100732874ec','2017-01-19 04:38:29','2017-01-19 04:38:29',0,'690d46112e1a448e92c4a4bdf98414af','2017-01-13 18:00:00','2017-01-13 12:00:00','America/Chicago'),('12abe746925845d292a43ec90e76c44f','2017-04-17 15:47:03','2017-04-17 15:48:30',1,'3aa4e5df14c94682ac350772579b7f79','2017-04-15 13:30:00','2017-04-15 13:30:00','UTC'),('12c99807b8c24fe38d353ab72b2076e8','2017-06-30 14:39:44','2017-06-30 14:39:54',1,'3aa4e5df14c94682ac350772579b7f79','2017-06-30 06:40:00','2017-06-30 06:40:00','UTC'),('14706c1edee14792bb178ad89c7baaa0','2018-01-30 04:00:50','2018-01-30 04:00:50',0,'cf51344a52f44bdbb270c68ec7465561','2018-01-19 18:00:00','2018-01-19 12:00:00','America/Chicago'),('1500d59d6cdb4d5fb61f26c450a2a801','2016-12-29 18:23:51','2016-12-29 18:23:51',0,'27a393b5dfd447ea93db6d40e0a62e5f','2016-12-28 18:00:00','2016-12-28 12:00:00','America/Chicago'),('15118a70f00f4798b6093a851cce35b2','2018-04-19 13:56:15','2018-04-19 13:56:25',1,'3aa4e5df14c94682ac350772579b7f79','2018-04-17 17:15:00','2018-04-17 17:15:00','UTC'),('1520556fbfcf4bdfb618692872066226','2017-03-08 12:18:39','2017-03-08 12:18:39',0,'27a393b5dfd447ea93db6d40e0a62e5f','2017-03-07 18:00:00','2017-03-07 12:00:00','America/Chicago'),('155801e7d3d04c62a5608d91e7c8824d','2017-02-17 13:33:33','2017-02-17 13:33:33',0,'27a393b5dfd447ea93db6d40e0a62e5f','2017-02-16 18:00:00','2017-02-16 12:00:00','America/Chicago'),('15a97fcb1864480eb9b7598772570186','2017-01-28 16:55:26','2017-01-28 16:55:26',0,'00fbaffc802644f08ecdeb4d1d7758a4','2017-01-24 18:00:00','2017-01-24 12:00:00','America/Chicago'),('163653155692446bad55a1d2281b9072','2017-05-22 15:53:36','2017-05-22 15:53:49',1,'cf51344a52f44bdbb270c68ec7465561','2017-05-22 08:00:00','2017-05-22 08:00:00','UTC'),('16a01c234ccf402882b50a2013408003','2017-08-02 11:42:28','2017-08-02 11:42:37',1,'3aa4e5df14c94682ac350772579b7f79','2017-08-01 21:30:00','2017-08-01 21:30:00','UTC'),('17493ee1fd9d40d89b8264d6f3b130f2','2018-01-23 05:16:13','2018-01-23 05:16:13',0,'3aa4e5df14c94682ac350772579b7f79','2018-01-23 05:16:13','2018-01-22 23:16:13','America/Chicago'),('17d28e9fc1f54dd78704e898912a4fa4','2017-05-04 11:50:32','2017-05-04 11:50:54',1,'3aa4e5df14c94682ac350772579b7f79','2017-05-02 13:00:00','2017-05-02 13:00:00','UTC'),('1870b0c50920451a8905165097e9d933','2017-11-27 14:02:28','2017-11-27 14:02:28',0,'27a393b5dfd447ea93db6d40e0a62e5f','2017-11-26 18:00:00','2017-11-26 12:00:00','America/Chicago'),('18ea627031954410943b62a90d39bba8','2017-06-24 16:07:28','2017-06-24 16:07:35',1,'3aa4e5df14c94682ac350772579b7f79','2017-06-23 21:00:00','2017-06-23 21:00:00','UTC'),('19b4b40e86bd41b4bab96005edceb243','2018-02-23 18:11:57','2018-02-23 18:12:06',1,'3bb0e9bf0cc54c66963af5ae58043963','2018-02-21 18:30:00','2018-02-21 18:30:00','UTC'),('19fe51e8d770405ab42dae9807372f71','2018-03-16 15:00:01','2018-03-16 15:00:25',1,'3aa4e5df14c94682ac350772579b7f79','2018-03-15 21:30:00','2018-03-15 21:30:00','UTC'),('1a103d90312740e3af31257bbb10e79b','2017-07-21 12:04:09','2017-07-21 12:04:09',0,'cf51344a52f44bdbb270c68ec7465561','2017-07-21 12:04:09','2017-07-21 07:04:09','America/Chicago'),('1a686b8f35d14258af64dce767a8b03f','2017-07-19 13:39:50','2017-07-19 13:40:06',1,'cf51344a52f44bdbb270c68ec7465561','2017-07-19 07:05:00','2017-07-19 07:05:00','UTC'),('1a7fa52031524edf840a8df1b53aa3b1','2018-03-05 15:09:04','2018-03-05 15:09:14',1,'3aa4e5df14c94682ac350772579b7f79','2018-03-05 05:00:00','2018-03-05 05:00:00','UTC'),('1a84c4ee44ce4f42a577159a5c4f52ec','2017-06-01 14:39:08','2017-06-01 14:39:17',1,'3aa4e5df14c94682ac350772579b7f79','2017-05-31 22:00:00','2017-05-31 22:00:00','UTC'),('1ab5d7d991094cc8adc5c8e40617e1c0','2018-01-16 16:47:16','2018-01-16 16:47:16',0,'27a393b5dfd447ea93db6d40e0a62e5f','2018-01-12 18:00:00','2018-01-12 12:00:00','America/Chicago'),('1ac03b9bfe8e4d1598eac51f586b4d77','2017-03-16 14:10:55','2017-03-16 14:10:55',0,'27a393b5dfd447ea93db6d40e0a62e5f','2017-03-15 17:00:00','2017-03-15 12:00:00','America/Chicago'),('1af68b082267417086e0f710d83b0d7d','2017-05-04 11:48:59','2017-05-04 11:49:13',1,'cf51344a52f44bdbb270c68ec7465561','2017-05-01 07:20:00','2017-05-01 07:20:00','UTC'),('1b80cad323494ed799f24ae3265bc1fa','2017-01-09 16:37:39','2017-01-09 16:38:01',2,'3924c9190d4f4982aed18c88b2264522','2017-01-09 09:00:00','2017-01-09 09:00:00','UTC'),('1b96b99a10c1462588415fd9fad06f65','2017-06-30 14:39:42','2017-06-30 14:40:05',1,'cf51344a52f44bdbb270c68ec7465561','2017-06-30 07:30:00','2017-06-30 07:30:00','UTC'),('1bcdecba8e25442a876897221bba6277','2017-04-17 15:46:29','2017-04-17 15:46:29',0,'27a393b5dfd447ea93db6d40e0a62e5f','2017-04-14 17:00:00','2017-04-14 12:00:00','America/Chicago'),('1d059432f1c64f79b74c2f53a1495eea','2017-01-22 13:08:37','2017-01-22 13:08:37',0,'a4724501a2c845b0b4b648f83402b549','2017-01-21 18:00:00','2017-01-21 12:00:00','America/Chicago'),('1d59c5f1e3cb4c82a1244a76e6cb29fe','2016-12-28 17:19:31','2016-12-28 17:19:31',0,'27a393b5dfd447ea93db6d40e0a62e5f','2016-12-27 18:00:00','2016-12-27 12:00:00','America/Chicago'),('1da838e0f6b14ffd83f60ab5611bd349','2016-12-11 05:08:56','2016-12-11 05:08:56',0,'27a393b5dfd447ea93db6d40e0a62e5f','2016-10-25 17:00:00','2016-10-25 12:00:00','America/Chicago'),('1dea79b11137499aacf1793260ddb2e8','2017-06-07 13:58:31','2017-06-07 13:58:44',1,'3aa4e5df14c94682ac350772579b7f79','2017-06-06 21:00:00','2017-06-06 21:00:00','UTC'),('1e25115b15584865a9bae185c5a98c97','2017-11-13 15:32:36','2017-11-13 15:32:44',1,'cf51344a52f44bdbb270c68ec7465561','2017-11-13 08:00:00','2017-11-13 08:00:00','UTC'),('1e262634446149fb87a8727a7612b161','2016-12-09 21:19:00','2016-12-09 21:19:00',0,'c4496f78f77a45429ac6c33d3686dc77','2016-12-09 21:19:00','2016-12-09 15:19:00','America/Chicago'),('1ed4949209a746328e9f11dcb0a9908a','2017-05-18 00:41:13','2017-05-18 00:41:13',0,'27a393b5dfd447ea93db6d40e0a62e5f','2017-05-16 17:00:00','2017-05-16 12:00:00','America/Chicago'),('200bb0e3b7a14dd59d9522e30f09b3d4','2017-01-07 15:35:20','2017-01-07 15:35:20',0,'cf51344a52f44bdbb270c68ec7465561','2017-01-07 15:35:20','2017-01-07 09:35:20','America/Chicago'),('20346c5cde9d4da8b4bd404457b9979a','2018-05-15 11:12:25','2018-05-15 11:12:25',0,'0feee5b266ab446ba696066aafd4b05b','2018-05-09 17:00:00','2018-05-09 12:00:00','America/Chicago'),('20c943c72e354f12832c377b78741fce','2017-03-24 11:31:20','2017-03-24 11:31:20',0,'27a393b5dfd447ea93db6d40e0a62e5f','2017-03-23 17:00:00','2017-03-23 12:00:00','America/Chicago'),('20df07db3b0d42c7a9f23d15daf4c5ff','2018-05-09 11:36:42','2018-05-09 11:36:42',0,'221e5bf196734262a3e1b736598c1090','2018-05-09 17:00:00','2018-05-09 12:00:00','America/Chicago'),('2142deb83a7d49889b8fc829ed5637df','2017-11-03 02:37:12','2017-11-03 02:37:12',0,'27a393b5dfd447ea93db6d40e0a62e5f','2017-10-31 17:00:00','2017-10-31 12:00:00','America/Chicago'),('2177f4ffc5ea413291c09f3ea61f0d07','2017-02-11 02:14:40','2017-02-11 02:14:40',0,'27a393b5dfd447ea93db6d40e0a62e5f','2017-02-06 18:00:00','2017-02-06 12:00:00','America/Chicago'),('221738cd2f944f20a2e6a849f5ed4d97','2017-03-29 12:52:31','2017-03-29 12:52:41',1,'cf51344a52f44bdbb270c68ec7465561','2017-03-29 07:25:00','2017-03-29 07:25:00','UTC'),('22a86f0eb7024288a3693b7cdc0052fb','2017-03-16 03:21:59','2017-03-16 03:21:59',0,'27a393b5dfd447ea93db6d40e0a62e5f','2017-03-14 17:00:00','2017-03-14 12:00:00','America/Chicago'),('22d02c67530c402f9e1cd9fde54ea0df','2017-01-24 12:52:26','2017-01-24 12:52:26',0,'27a393b5dfd447ea93db6d40e0a62e5f','2017-01-22 18:00:00','2017-01-22 12:00:00','America/Chicago'),('22dff243bf234dd9817856ff4375742f','2017-03-28 11:20:24','2017-03-28 11:20:37',1,'00fbaffc802644f08ecdeb4d1d7758a4','2017-03-24 16:30:00','2017-03-24 16:30:00','UTC'),('2319a910c45243d7aa0db33adf133c15','2017-10-24 17:10:50','2017-10-24 17:10:50',0,'27a393b5dfd447ea93db6d40e0a62e5f','2017-10-23 17:00:00','2017-10-23 12:00:00','America/Chicago'),('237b360f69214fdcb8a993253afed477','2016-12-11 05:09:32','2016-12-11 05:09:32',0,'27a393b5dfd447ea93db6d40e0a62e5f','2016-11-06 18:00:00','2016-11-06 12:00:00','America/Chicago'),('239700fe29794bafa183f812ae7c80f1','2017-08-25 12:08:27','2017-08-25 12:39:07',1,'cf51344a52f44bdbb270c68ec7465561','2017-08-23 07:15:00','2017-08-23 07:15:00','UTC'),('242f26f4045b4a68ab04df84a311705f','2017-11-20 23:23:32','2017-11-20 23:23:32',0,'27a393b5dfd447ea93db6d40e0a62e5f','2017-11-18 18:00:00','2017-11-18 12:00:00','America/Chicago'),('24c31138a81d4e9cad097acc1e4e434e','2017-10-24 17:11:05','2017-10-24 17:11:05',0,'5cf00a73de074b8688b13c453f637496','2017-10-21 17:00:00','2017-10-21 12:00:00','America/Chicago'),('24e995adc686458ab7f0668d6c8a19c6','2017-11-16 22:17:25','2017-11-16 22:17:25',0,'27a393b5dfd447ea93db6d40e0a62e5f','2017-11-14 18:00:00','2017-11-14 12:00:00','America/Chicago'),('251948f32dd54f3095e27b1079b2cbff','2017-01-06 18:19:22','2017-01-06 18:19:22',0,'27a393b5dfd447ea93db6d40e0a62e5f','2017-01-05 18:00:00','2017-01-05 12:00:00','America/Chicago'),('255eb0a95271418c9a4e00b8c8f5cc80','2017-02-13 12:50:22','2017-02-13 12:50:22',0,'27a393b5dfd447ea93db6d40e0a62e5f','2017-02-12 18:00:00','2017-02-12 12:00:00','America/Chicago'),('2594d7061d0846e2aacaff1ba825137c','2017-01-25 22:05:15','2017-01-25 22:05:15',0,'c4496f78f77a45429ac6c33d3686dc77','2017-01-24 18:00:00','2017-01-24 12:00:00','America/Chicago'),('259ffc3e419748889a9bf0697b3360f5','2016-12-18 15:02:30','2016-12-18 15:02:30',0,'27a393b5dfd447ea93db6d40e0a62e5f','2016-12-17 18:00:00','2016-12-17 12:00:00','America/Chicago'),('25dc6169902642ff97ddc75d4b2c798a','2016-12-11 05:08:37','2016-12-11 05:08:37',0,'27a393b5dfd447ea93db6d40e0a62e5f','2016-10-19 17:00:00','2016-10-19 12:00:00','America/Chicago'),('25e9f693fa694059a573f8e8a41511cb','2017-01-13 13:41:35','2017-01-13 13:41:35',0,'27a393b5dfd447ea93db6d40e0a62e5f','2017-01-12 18:00:00','2017-01-12 12:00:00','America/Chicago'),('26606cb77d69454d928e6f2a17b64a55','2017-02-16 13:11:54','2017-02-16 13:11:54',0,'27a393b5dfd447ea93db6d40e0a62e5f','2017-02-15 18:00:00','2017-02-15 12:00:00','America/Chicago'),('2697ddc7ce324f19996407d292260e42','2017-12-23 03:45:53','2017-12-23 03:45:53',0,'27a393b5dfd447ea93db6d40e0a62e5f','2017-12-21 17:00:00','2017-12-21 12:00:00','America/New_York'),('26b254fee8934bbf97e659f27830fcf1','2017-05-25 11:21:12','2017-05-25 11:21:38',1,'3aa4e5df14c94682ac350772579b7f79','2017-05-24 08:40:00','2017-05-24 08:40:00','UTC'),('26d200778fe64453a30dc5968fba1c67','2016-12-11 05:08:15','2016-12-11 05:08:15',0,'27a393b5dfd447ea93db6d40e0a62e5f','2016-10-12 17:00:00','2016-10-12 12:00:00','America/Chicago'),('26d213a153bb4988ba19e9391b4dad02','2018-01-13 17:14:57','2018-01-13 17:15:06',1,'3aa4e5df14c94682ac350772579b7f79','2018-01-05 10:00:00','2018-01-05 10:00:00','UTC'),('26d500787f8d4a8090e0321819f88bb5','2018-01-16 16:47:05','2018-01-16 16:47:05',0,'27a393b5dfd447ea93db6d40e0a62e5f','2018-01-05 18:00:00','2018-01-05 12:00:00','America/Chicago'),('26db805499c44925bb719893fa08140f','2017-12-23 03:45:47','2017-12-23 03:45:47',0,'27a393b5dfd447ea93db6d40e0a62e5f','2017-12-18 17:00:00','2017-12-18 12:00:00','America/New_York'),('2709288e8a994fa298151b5c81315e63','2016-12-13 18:30:56','2016-12-13 18:30:56',0,'27a393b5dfd447ea93db6d40e0a62e5f','2016-12-12 18:00:00','2016-12-12 12:00:00','America/Chicago'),('2862548c8d4a46e2a5a67fe2c793e236','2018-02-16 02:13:15','2018-02-16 02:13:21',1,'cf51344a52f44bdbb270c68ec7465561','2018-02-09 08:00:00','2018-02-09 08:00:00','UTC'),('2869cf359c3d4c86938279f38697e370','2018-05-04 14:23:07','2018-05-04 14:23:07',0,'27a393b5dfd447ea93db6d40e0a62e5f','2018-04-30 17:00:00','2018-04-30 12:00:00','America/Chicago'),('28baa5b19b254bb6809781c79460d2c8','2017-06-15 14:44:38','2017-06-15 14:44:38',0,'27a393b5dfd447ea93db6d40e0a62e5f','2017-06-12 17:00:00','2017-06-12 12:00:00','America/Chicago'),('28c8186ddf32437692dcccde52680164','2017-05-12 21:33:13','2017-05-12 21:33:22',1,'cf51344a52f44bdbb270c68ec7465561','2017-05-10 07:30:00','2017-05-10 07:30:00','UTC'),('28ed2c54a5eb4e40a971c9740a293fc4','2018-01-13 17:19:01','2018-01-13 17:19:11',1,'cf51344a52f44bdbb270c68ec7465561','2018-01-04 08:12:00','2018-01-04 08:12:00','UTC'),('298f72d0106c4c47ae33b8572df04376','2017-05-26 17:04:09','2017-05-26 17:04:09',0,'27a393b5dfd447ea93db6d40e0a62e5f','2017-05-25 17:00:00','2017-05-25 12:00:00','America/Chicago'),('2a5d536447bd4065a8c5c187a746efd8','2016-12-11 05:06:25','2016-12-11 05:06:25',0,'27a393b5dfd447ea93db6d40e0a62e5f','2016-12-10 18:00:00','2016-12-10 12:00:00','America/Chicago'),('2acd043c14394947a380f91f8104ffc4','2017-08-16 12:06:55','2017-08-16 12:08:32',1,'3aa4e5df14c94682ac350772579b7f79','2017-08-15 22:00:00','2017-08-15 22:00:00','UTC'),('2af8163ef62b49c3ae5b6b11f1d63afe','2017-03-01 14:41:22','2017-03-01 14:41:22',0,'27a393b5dfd447ea93db6d40e0a62e5f','2017-02-28 18:00:00','2017-02-28 12:00:00','America/Chicago'),('2b1bc0a7052e422da0278de889a9c73a','2017-04-22 23:55:41','2017-04-22 23:55:51',1,'3aa4e5df14c94682ac350772579b7f79','2017-04-21 21:00:00','2017-04-21 21:00:00','UTC'),('2b384a961bdb4d89bf3974a6c5e08a3a','2017-10-23 13:02:24','2017-10-23 13:02:24',0,'27a393b5dfd447ea93db6d40e0a62e5f','2017-10-22 17:00:00','2017-10-22 12:00:00','America/Chicago'),('2b8965dcbde24de09172018fa6c0e61a','2016-12-11 05:09:20','2016-12-11 05:09:20',0,'27a393b5dfd447ea93db6d40e0a62e5f','2016-11-02 17:00:00','2016-11-02 12:00:00','America/Chicago'),('2b9c63e68175485eb35c75ea1537fad8','2017-08-19 00:16:08','2017-08-19 00:16:15',1,'3aa4e5df14c94682ac350772579b7f79','2017-08-18 18:16:00','2017-08-18 18:16:00','UTC'),('2c48598d72a6423a8d5c4dcaadf6053c','2017-02-03 12:43:54','2017-02-03 12:43:54',0,'27a393b5dfd447ea93db6d40e0a62e5f','2017-02-01 18:00:00','2017-02-01 12:00:00','America/Chicago'),('2c7f2486e6e64784837b897c58aa1615','2017-03-16 02:03:28','2017-03-16 02:03:42',1,'3aa4e5df14c94682ac350772579b7f79','2017-03-15 13:00:00','2017-03-15 13:00:00','UTC'),('2c895f54ef644738ba6e32b0c62c0a4b','2017-09-04 12:39:30','2017-09-04 12:39:30',0,'cf51344a52f44bdbb270c68ec7465561','2017-09-04 12:39:30','2017-09-04 07:39:30','America/Chicago'),('2cfe129203c240679f12e75d72df141d','2017-01-25 22:04:58','2017-01-25 22:04:58',0,'dc65929db1ea4458a103d5a84d08da8f','2017-01-24 18:00:00','2017-01-24 12:00:00','America/Chicago'),('2d87d61d4a8544f9a1b0942a2a13d350','2017-02-12 18:20:50','2017-02-14 23:01:47',1,'3aa4e5df14c94682ac350772579b7f79','2017-02-11 15:00:00','2017-02-11 15:00:00','UTC'),('2da26af098f540fb9253d6119bed639b','2016-12-11 05:08:40','2016-12-11 05:08:40',0,'27a393b5dfd447ea93db6d40e0a62e5f','2016-10-20 17:00:00','2016-10-20 12:00:00','America/Chicago'),('2db52f8565b744e5a9045e9784ae0d88','2017-10-31 02:46:27','2017-10-31 02:46:33',1,'9b977f6c481d4a058380283be1d24422','2017-10-27 19:00:00','2017-10-27 19:00:00','UTC'),('2dcb95a9d502454aa7ea02b1a971647f','2017-04-30 23:32:17','2017-04-30 23:32:25',1,'00fbaffc802644f08ecdeb4d1d7758a4','2017-04-28 16:00:00','2017-04-28 16:00:00','UTC'),('2df2b9b0f16a473c9088d9c3de556708','2017-02-02 01:56:02','2017-02-02 01:56:02',0,'27a393b5dfd447ea93db6d40e0a62e5f','2017-01-31 18:00:00','2017-01-31 12:00:00','America/Chicago'),('2e78406545bc489389e367df7da15cff','2017-06-12 15:29:18','2017-06-12 15:29:18',0,'27a393b5dfd447ea93db6d40e0a62e5f','2017-06-10 17:00:00','2017-06-10 12:00:00','America/Chicago'),('2e9f062c2af14d4f806d5d620ac5fa3a','2017-11-20 23:23:40','2017-11-20 23:23:49',1,'3aa4e5df14c94682ac350772579b7f79','2017-11-18 23:30:00','2017-11-18 23:30:00','UTC'),('2f52c085cf6f476b82054a57c5f86d0d','2017-07-31 12:08:53','2017-07-31 12:08:53',0,'cf51344a52f44bdbb270c68ec7465561','2017-07-31 12:08:53','2017-07-31 07:08:53','America/Chicago'),('303752ce111f414ca768724135c7511a','2016-12-11 05:10:24','2016-12-11 05:10:24',0,'27a393b5dfd447ea93db6d40e0a62e5f','2016-11-27 18:00:00','2016-11-27 12:00:00','America/Chicago'),('309c1c464bd440ada4ce7d2ec0cf3861','2018-05-15 11:12:27','2018-05-15 11:12:27',0,'0feee5b266ab446ba696066aafd4b05b','2018-05-11 17:00:00','2018-05-11 12:00:00','America/Chicago'),('30effe7563544142955aacfbce178570','2018-05-15 11:10:30','2018-05-15 11:10:30',0,'27a393b5dfd447ea93db6d40e0a62e5f','2018-05-12 17:00:00','2018-05-12 12:00:00','America/Chicago'),('30f04af810f14bfcbcdf3ad7c19d6a7c','2016-12-26 17:22:22','2016-12-26 17:22:22',0,'690d46112e1a448e92c4a4bdf98414af','2016-12-26 17:22:22','2016-12-26 11:22:22','America/Chicago'),('31b468a5e4824f7db398eeb3ad6ccc09','2017-08-09 17:08:43','2017-08-09 17:08:51',1,'00fbaffc802644f08ecdeb4d1d7758a4','2017-08-08 19:00:00','2017-08-08 19:00:00','UTC'),('321e4c2699e5419fb1396d569662de78','2018-02-16 02:13:24','2018-02-16 02:13:31',1,'cf51344a52f44bdbb270c68ec7465561','2018-02-05 08:00:00','2018-02-05 08:00:00','UTC'),('3296a62da16244e6b27b32572153a4fb','2017-06-05 12:27:33','2017-06-05 12:27:33',0,'27a393b5dfd447ea93db6d40e0a62e5f','2017-06-04 17:00:00','2017-06-04 12:00:00','America/Chicago'),('329c8d66c3e749808a1f697212113480','2017-07-12 13:57:10','2017-07-12 13:57:10',0,'cf51344a52f44bdbb270c68ec7465561','2017-07-12 13:57:10','2017-07-12 08:57:10','America/Mexico_City'),('32b1a1be6db644c48fd2f894fcb342f3','2017-03-04 15:42:18','2017-03-04 15:42:18',0,'27a393b5dfd447ea93db6d40e0a62e5f','2017-03-01 18:00:00','2017-03-01 12:00:00','America/Chicago'),('32d4086de8684729b033d1c773f0efa6','2017-08-30 21:40:20','2017-08-30 21:40:31',1,'3aa4e5df14c94682ac350772579b7f79','2017-08-29 08:30:00','2017-08-29 08:30:00','UTC'),('337dad6de1c64b148d760d215135168b','2017-02-26 19:18:47','2017-02-26 19:19:08',1,'3aa4e5df14c94682ac350772579b7f79','2017-02-25 21:30:00','2017-02-25 21:30:00','UTC'),('33e5eb7c981543c48480bbd417f38210','2018-05-09 11:36:13','2018-05-09 11:36:13',0,'27a393b5dfd447ea93db6d40e0a62e5f','2018-05-05 17:00:00','2018-05-05 12:00:00','America/Chicago'),('34994529ace44aa39dbc52b8b153cb04','2017-04-18 14:41:59','2017-04-18 14:42:13',1,'3aa4e5df14c94682ac350772579b7f79','2017-04-18 09:00:00','2017-04-18 09:00:00','UTC'),('34d18db815e34f4d8dfd619161725119','2017-12-04 15:52:16','2017-12-04 15:52:16',0,'27a393b5dfd447ea93db6d40e0a62e5f','2017-12-01 18:00:00','2017-12-01 12:00:00','America/Chicago'),('34f1e922e0dc4f87a97e5280b95116b8','2017-07-05 12:39:09','2017-07-05 12:39:09',0,'cf51344a52f44bdbb270c68ec7465561','2017-07-05 12:39:09','2017-07-05 07:39:09','America/Chicago'),('35358845e76c4dd1a12ef8036ec158db','2016-12-18 15:02:28','2016-12-18 15:02:28',0,'27a393b5dfd447ea93db6d40e0a62e5f','2016-12-16 18:00:00','2016-12-16 12:00:00','America/Chicago'),('3559970bf49c428e8884b8f49e4e7015','2017-04-18 14:41:48','2017-04-18 14:41:48',0,'27a393b5dfd447ea93db6d40e0a62e5f','2017-04-17 17:00:00','2017-04-17 12:00:00','America/Chicago'),('3597d51f12e446f7b92946e521ec4c13','2017-07-16 17:56:49','2017-07-16 17:57:00',1,'3aa4e5df14c94682ac350772579b7f79','2017-07-15 20:30:00','2017-07-15 20:30:00','UTC'),('35f509051a8d44448684dfc5a4e19c86','2018-03-15 13:40:23','2018-03-15 13:40:37',1,'3aa4e5df14c94682ac350772579b7f79','2018-03-14 21:30:00','2018-03-14 21:30:00','UTC'),('35f644c732d44eaca28454c3b63539e1','2017-01-28 04:20:03','2017-01-28 04:20:03',0,'27a393b5dfd447ea93db6d40e0a62e5f','2017-01-26 18:00:00','2017-01-26 12:00:00','America/Chicago'),('368cfcf4405b4553a59597e57e3377dc','2016-12-11 05:09:58','2016-12-11 05:09:58',0,'27a393b5dfd447ea93db6d40e0a62e5f','2016-11-16 18:00:00','2016-11-16 12:00:00','America/Chicago'),('370eac39eda74d05ab832d8316c81588','2016-12-11 05:09:28','2016-12-11 05:09:28',0,'27a393b5dfd447ea93db6d40e0a62e5f','2016-11-05 17:00:00','2016-11-05 12:00:00','America/Chicago'),('3752999fe8aa4b25ae6c3a0b2aa4f9f0','2017-03-06 14:50:19','2017-03-06 14:50:19',0,'27a393b5dfd447ea93db6d40e0a62e5f','2017-03-05 18:00:00','2017-03-05 12:00:00','America/Chicago'),('3779cd7cb9f24c42a26d7abe01597f19','2017-12-09 00:41:35','2017-12-09 00:41:35',0,'27a393b5dfd447ea93db6d40e0a62e5f','2017-12-04 18:00:00','2017-12-04 12:00:00','America/Chicago'),('37a38a3466b640309a34065dc8f83b1d','2017-05-14 02:45:16','2017-05-14 02:45:16',0,'27a393b5dfd447ea93db6d40e0a62e5f','2017-05-12 17:00:00','2017-05-12 12:00:00','America/Chicago'),('387c0aceda8644399173bac6e00dbc4e','2017-10-19 11:53:59','2017-10-19 11:53:59',0,'27a393b5dfd447ea93db6d40e0a62e5f','2017-10-18 17:00:00','2017-10-18 12:00:00','America/Chicago'),('39079f947f9d40bd8977bb856b3e1d05','2017-12-29 04:13:16','2017-12-29 04:13:33',1,'3aa4e5df14c94682ac350772579b7f79','2017-12-27 22:20:00','2017-12-27 22:20:00','UTC'),('398fb8d5107b47bd8359495f9711db48','2016-12-23 15:47:39','2016-12-23 15:47:39',0,'27a393b5dfd447ea93db6d40e0a62e5f','2016-12-21 18:00:00','2016-12-21 12:00:00','America/Chicago'),('39bd83be3b5347f78674ee5189ac176a','2018-03-13 17:03:27','2018-03-13 17:03:35',1,'cf51344a52f44bdbb270c68ec7465561','2018-03-12 07:15:00','2018-03-12 07:15:00','UTC'),('39d029ea149f41469cfeb1f6aea93958','2017-11-13 15:32:22','2017-11-13 15:32:22',0,'27a393b5dfd447ea93db6d40e0a62e5f','2017-11-09 18:00:00','2017-11-09 12:00:00','America/Chicago'),('3a08bef101bb4e379e7d9531521936d9','2016-12-11 05:10:10','2016-12-11 05:10:10',0,'27a393b5dfd447ea93db6d40e0a62e5f','2016-11-21 18:00:00','2016-11-21 12:00:00','America/Chicago'),('3a60004ae8ab4af6abc5752886256b2f','2017-04-10 13:48:25','2017-04-10 13:48:25',0,'27a393b5dfd447ea93db6d40e0a62e5f','2017-04-09 17:00:00','2017-04-09 12:00:00','America/Chicago'),('3aa5d56b70d54b85b94eaa47a25ac967','2016-12-11 05:10:27','2016-12-11 05:10:27',0,'27a393b5dfd447ea93db6d40e0a62e5f','2016-11-28 18:00:00','2016-11-28 12:00:00','America/Chicago'),('3adf8657ec174fb9bced6a849c4ca252','2017-12-01 18:11:35','2017-12-01 18:11:48',1,'cf51344a52f44bdbb270c68ec7465561','2017-12-01 20:25:00','2017-12-01 20:25:00','UTC'),('3b004a67694342cbbab7e74b458e9103','2017-11-11 21:12:40','2017-11-11 21:12:52',1,'3aa4e5df14c94682ac350772579b7f79','2017-11-09 08:30:00','2017-11-09 08:30:00','UTC'),('3b349ea7047e4bb9bcdba05758bd8ffb','2017-01-24 12:52:27','2017-01-24 12:52:27',0,'27a393b5dfd447ea93db6d40e0a62e5f','2017-01-23 18:00:00','2017-01-23 12:00:00','America/Chicago'),('3ba0b1c8c6b84b85b16497db414b002a','2017-02-12 22:29:59','2017-02-12 22:29:59',0,'27a393b5dfd447ea93db6d40e0a62e5f','2017-02-10 18:00:00','2017-02-10 12:00:00','America/Chicago'),('3c2e7bc1c891455ba2b742cfd1990e95','2017-08-09 17:08:14','2017-08-09 17:08:29',1,'cf51344a52f44bdbb270c68ec7465561','2017-08-09 08:10:00','2017-08-09 08:10:00','UTC'),('3c4caa31e5a64e61ad69da8c945cc619','2018-05-09 11:36:37','2018-05-09 11:36:37',0,'221e5bf196734262a3e1b736598c1090','2018-05-06 17:00:00','2018-05-06 12:00:00','America/Chicago'),('3c78af928ed64cd3a26cf16db5105003','2017-09-28 17:56:49','2017-09-28 17:56:57',1,'cf51344a52f44bdbb270c68ec7465561','2017-09-15 08:00:00','2017-09-15 08:00:00','UTC'),('3c8da03e2351439bb0d3346193150460','2018-01-16 16:47:14','2018-01-16 16:47:14',0,'27a393b5dfd447ea93db6d40e0a62e5f','2018-01-11 18:00:00','2018-01-11 12:00:00','America/Chicago'),('3c9d81a42c584bf3b5aee3a86ca14983','2017-11-20 23:23:33','2017-11-20 23:23:33',0,'27a393b5dfd447ea93db6d40e0a62e5f','2017-11-19 18:00:00','2017-11-19 12:00:00','America/Chicago'),('3d1060be5c1d41868d4322c17dacb3e2','2016-12-11 05:08:58','2016-12-11 05:08:58',0,'27a393b5dfd447ea93db6d40e0a62e5f','2016-10-26 17:00:00','2016-10-26 12:00:00','America/Chicago'),('3d201c23b5694946bf34776c0c76f872','2017-03-21 11:36:15','2017-03-21 11:38:32',1,'cf51344a52f44bdbb270c68ec7465561','2017-03-20 07:30:00','2017-03-20 07:30:00','UTC'),('3d70b80e0477429e9b259a87cf7a3fc4','2018-01-30 04:00:40','2018-01-30 04:00:40',0,'3aa4e5df14c94682ac350772579b7f79','2018-01-30 04:00:40','2018-01-29 22:00:40','America/Chicago'),('3da421f09580472fabd70f70c0d9ed72','2016-12-29 18:23:59','2016-12-29 18:23:59',0,'cf51344a52f44bdbb270c68ec7465561','2016-12-27 18:00:00','2016-12-27 12:00:00','America/Chicago'),('3da52bd1629a48bfada14779c195eee1','2018-04-19 13:55:30','2018-04-19 13:55:30',0,'3aa4e5df14c94682ac350772579b7f79','2018-04-13 17:00:00','2018-04-13 12:00:00','America/Chicago'),('3dc07c50b81d44a38c77ff22ff3c66ee','2017-06-01 14:38:10','2017-06-01 14:38:10',0,'27a393b5dfd447ea93db6d40e0a62e5f','2017-05-31 17:00:00','2017-05-31 12:00:00','America/Chicago'),('3df019f5404946d9a576ddbd2794c4e3','2017-05-29 21:40:46','2017-05-29 21:40:46',0,'27a393b5dfd447ea93db6d40e0a62e5f','2017-05-26 17:00:00','2017-05-26 12:00:00','America/Chicago'),('3e8ee1c3d1fd4bbebdd6c06d8da9fc6b','2017-01-26 12:11:27','2017-01-26 12:11:27',0,'27a393b5dfd447ea93db6d40e0a62e5f','2017-01-24 18:00:00','2017-01-24 12:00:00','America/Chicago'),('3ed29e1c3e8a4b4e87a53980c4fc363b','2016-12-09 03:49:07','2016-12-09 03:49:07',0,'c4496f78f77a45429ac6c33d3686dc77','2016-12-09 03:49:07','2016-12-08 21:49:07','America/Chicago'),('3fb1bc90f85a41d2af42df8cdc332cbd','2016-12-11 05:08:18','2016-12-11 05:08:18',0,'27a393b5dfd447ea93db6d40e0a62e5f','2016-10-13 17:00:00','2016-10-13 12:00:00','America/Chicago'),('3fb7caed0f894310ba36ac3484b12ade','2017-09-14 19:53:43','2017-09-14 19:53:57',1,'3aa4e5df14c94682ac350772579b7f79','2017-09-14 14:32:00','2017-09-14 14:32:00','UTC'),('40cf89ef73944d0b8780de8cc3f7a7e7','2017-04-17 15:46:40','2017-04-17 15:46:40',0,'cf51344a52f44bdbb270c68ec7465561','2017-04-12 17:00:00','2017-04-12 12:00:00','America/Chicago'),('4111971e3cf545babecdaacc0aad0c7b','2016-12-11 05:10:08','2016-12-11 05:10:08',0,'27a393b5dfd447ea93db6d40e0a62e5f','2016-11-20 18:00:00','2016-11-20 12:00:00','America/Chicago'),('42aeb3bbc372457f8964d48a955fb0d8','2018-02-16 02:13:36','2018-02-16 02:13:43',1,'cf51344a52f44bdbb270c68ec7465561','2018-02-02 08:00:00','2018-02-02 08:00:00','UTC'),('42cdf90e18b541f485ad91923d5c5080','2017-11-05 15:34:36','2017-11-05 15:34:39',1,'9b977f6c481d4a058380283be1d24422','2017-11-03 19:00:00','2017-11-03 19:00:00','UTC'),('42d48d8a8a5b48ac92f04ad87c2a163c','2016-12-15 15:02:23','2016-12-15 15:02:23',0,'27a393b5dfd447ea93db6d40e0a62e5f','2016-12-14 18:00:00','2016-12-14 12:00:00','America/Chicago'),('431da727425b48d7b535047b177062c2','2017-01-28 16:54:23','2017-01-28 16:54:23',0,'27a393b5dfd447ea93db6d40e0a62e5f','2017-01-27 18:00:00','2017-01-27 12:00:00','America/Chicago'),('445d8a986a844cacab3beb10c23788e0','2017-04-21 13:48:27','2017-04-21 13:48:27',0,'27a393b5dfd447ea93db6d40e0a62e5f','2017-04-20 17:00:00','2017-04-20 12:00:00','America/Chicago'),('44815c4021f848189012901b9644d29e','2017-04-11 11:30:43','2017-04-11 11:30:43',0,'27a393b5dfd447ea93db6d40e0a62e5f','2017-04-10 17:00:00','2017-04-10 12:00:00','America/Chicago'),('44dfea10c50c46989de9f3b52dbc8a12','2018-01-16 16:47:08','2018-01-16 16:47:08',0,'27a393b5dfd447ea93db6d40e0a62e5f','2018-01-07 18:00:00','2018-01-07 12:00:00','America/Chicago'),('456cd82faf29415ba283605bc74abad7','2018-03-13 17:05:25','2018-03-13 17:05:33',1,'cf51344a52f44bdbb270c68ec7465561','2018-02-23 08:34:00','2018-02-23 08:34:00','UTC'),('46c7f726839746f0a1845492bd79f486','2017-07-07 13:30:57','2017-07-07 13:31:08',1,'cf51344a52f44bdbb270c68ec7465561','2017-07-07 07:40:00','2017-07-07 07:40:00','UTC'),('46daa4c89fa64e4c90fd504507d75f08','2016-12-11 05:10:15','2016-12-11 05:10:15',0,'27a393b5dfd447ea93db6d40e0a62e5f','2016-11-23 18:00:00','2016-11-23 12:00:00','America/Chicago'),('474b9f88cb324c478e7a437b3fb5c796','2018-02-16 14:21:59','2018-02-16 14:22:10',1,'3aa4e5df14c94682ac350772579b7f79','2018-02-15 21:30:00','2018-02-15 21:30:00','UTC'),('4789e3ba96744166b18c81f8381b7414','2017-01-12 13:26:12','2017-01-12 13:26:43',1,'cf51344a52f44bdbb270c68ec7465561','2017-01-11 08:30:00','2017-01-11 08:30:00','UTC'),('478be2346db1499ebeaf488a7399aa52','2017-03-31 15:03:37','2017-03-31 15:03:48',1,'cf51344a52f44bdbb270c68ec7465561','2017-03-31 07:40:00','2017-03-31 07:40:00','UTC'),('47a0a07a7bb3491c9317ddd515182df2','2017-02-28 16:27:03','2017-02-28 16:31:42',2,'cf51344a52f44bdbb270c68ec7465561','2017-02-28 08:30:00','2017-02-28 08:30:00','UTC'),('47ba9ee8d409431c86d8b6657c1e4f8e','2016-12-11 05:08:53','2016-12-11 05:08:53',0,'27a393b5dfd447ea93db6d40e0a62e5f','2016-10-24 17:00:00','2016-10-24 12:00:00','America/Chicago'),('482c021a20814e6faab566f7b26d3c6e','2016-12-11 05:08:25','2016-12-11 05:08:25',0,'27a393b5dfd447ea93db6d40e0a62e5f','2016-10-15 17:00:00','2016-10-15 12:00:00','America/Chicago'),('484b0540cf984fd196905d4df06b0d32','2017-04-07 12:47:39','2017-04-07 12:47:39',0,'cf51344a52f44bdbb270c68ec7465561','2017-04-03 17:00:00','2017-04-03 12:00:00','America/Chicago'),('4877cfb92c20414e8ddf396d4f425e1b','2016-12-11 05:10:42','2016-12-11 05:10:42',0,'27a393b5dfd447ea93db6d40e0a62e5f','2016-12-03 18:00:00','2016-12-03 12:00:00','America/Chicago'),('48c6879a11024d4e867c5eeee36b26f9','2017-11-05 15:33:55','2017-11-05 15:34:06',1,'cf51344a52f44bdbb270c68ec7465561','2017-11-03 08:00:00','2017-11-03 08:00:00','UTC'),('4ade4fced0ec41cd891948d25c71dcc0','2017-12-04 04:22:35','2017-12-04 04:22:47',1,'3aa4e5df14c94682ac350772579b7f79','2017-12-03 22:00:00','2017-12-03 22:00:00','UTC'),('4ba5f4a0c85644f8a61e3f8076fcf94f','2017-06-12 15:29:20','2017-06-12 15:29:20',0,'27a393b5dfd447ea93db6d40e0a62e5f','2017-06-11 17:00:00','2017-06-11 12:00:00','America/Chicago'),('4c70ffccc5444e4eab3ab873ec4c93ee','2017-01-16 22:06:49','2017-01-16 22:06:49',0,'27a393b5dfd447ea93db6d40e0a62e5f','2017-01-14 18:00:00','2017-01-14 12:00:00','America/Chicago'),('4cdc52a20b6c4da984e0eb225d219195','2017-06-02 20:16:43','2017-06-02 20:16:43',0,'27a393b5dfd447ea93db6d40e0a62e5f','2017-06-01 17:00:00','2017-06-01 12:00:00','America/Chicago'),('4cf1a21403b1460b86702fcf1be2e407','2017-06-15 14:44:41','2017-06-15 14:44:41',0,'27a393b5dfd447ea93db6d40e0a62e5f','2017-06-14 17:00:00','2017-06-14 12:00:00','America/Chicago'),('4d5d6e5a183c4e74972671329964e5c0','2017-04-02 20:44:39','2017-04-02 20:44:39',0,'27a393b5dfd447ea93db6d40e0a62e5f','2017-04-01 17:00:00','2017-04-01 12:00:00','America/Chicago'),('4de335c68f4046d99d01d345f7cb7b2d','2017-05-20 20:36:02','2017-05-20 20:36:19',1,'00fbaffc802644f08ecdeb4d1d7758a4','2017-05-20 08:00:00','2017-05-20 08:00:00','UTC'),('4df0f20d4d8b488f8946602a0db47cb4','2018-05-15 11:11:49','2018-05-15 11:11:49',0,'221e5bf196734262a3e1b736598c1090','2018-05-15 11:11:49','2018-05-15 06:11:49','America/Chicago'),('4e41441e0e504eebb244e774f0d33009','2016-12-11 05:09:01','2016-12-11 05:09:01',0,'27a393b5dfd447ea93db6d40e0a62e5f','2016-10-27 17:00:00','2016-10-27 12:00:00','America/Chicago'),('4edbea4bf6a043f68939a7db0f0ac9fd','2017-02-22 14:43:06','2017-02-22 14:43:06',0,'3aa4e5df14c94682ac350772579b7f79','2017-02-22 14:43:06','2017-02-22 08:43:06','America/Chicago'),('4f7e2164646b424daa18d99bde321fa9','2017-12-18 01:54:19','2017-12-18 01:54:19',0,'27a393b5dfd447ea93db6d40e0a62e5f','2017-12-15 18:00:00','2017-12-15 12:00:00','America/Chicago'),('4f9de31461fb4c578cad3418fa567d82','2017-05-12 21:31:37','2017-05-12 21:32:37',1,'3aa4e5df14c94682ac350772579b7f79','2017-05-10 09:20:00','2017-05-10 09:20:00','UTC'),('4fab11f820724ba1a01b7907e56d63dd','2017-10-16 13:21:33','2017-10-16 13:21:40',1,'3aa4e5df14c94682ac350772579b7f79','2017-10-15 15:00:00','2017-10-15 15:00:00','UTC'),('502b342f25884fbc829c7afd86a39b1a','2017-04-17 15:46:41','2017-04-17 15:46:41',0,'cf51344a52f44bdbb270c68ec7465561','2017-04-14 17:00:00','2017-04-14 12:00:00','America/Chicago'),('5075505a1a244d748432782cac447ff9','2017-04-07 12:47:36','2017-04-07 12:47:36',0,'cf51344a52f44bdbb270c68ec7465561','2017-04-05 17:00:00','2017-04-05 12:00:00','America/Chicago'),('5192fa4ddfb6466a86d0f40404b55347','2017-10-16 13:21:15','2017-10-16 13:21:15',0,'cf51344a52f44bdbb270c68ec7465561','2017-10-16 13:21:15','2017-10-16 08:21:15','America/Chicago'),('51c2d19eb8344bb49033d5dfcf9a7662','2018-05-04 14:23:10','2018-05-04 14:23:10',0,'27a393b5dfd447ea93db6d40e0a62e5f','2018-05-01 17:00:00','2018-05-01 12:00:00','America/Chicago'),('51f938e90fe84e81bbf95e644f598ba8','2017-06-26 12:05:58','2017-06-26 12:06:08',1,'3aa4e5df14c94682ac350772579b7f79','2017-06-24 21:30:00','2017-06-24 21:30:00','UTC'),('53a3424db2e64e63bd18a1f46c9ccea6','2017-04-25 11:17:26','2017-04-25 11:17:26',0,'27a393b5dfd447ea93db6d40e0a62e5f','2017-04-22 17:00:00','2017-04-22 12:00:00','America/Chicago'),('53d41aee16df4145ad4df21d9029c4d0','2017-01-15 04:23:52','2017-01-15 04:23:52',0,'dc65929db1ea4458a103d5a84d08da8f','2017-01-15 04:23:52','2017-01-14 22:23:52','America/Chicago'),('540c5b6b9bb34dbcaaac504d73ae213d','2017-01-06 18:18:59','2017-01-06 18:19:12',1,'cf51344a52f44bdbb270c68ec7465561','2017-01-05 17:20:00','2017-01-05 17:20:00','UTC'),('54c5246334f94fb99895944d199580e9','2017-10-21 12:38:26','2017-10-21 12:38:34',1,'cf51344a52f44bdbb270c68ec7465561','2017-10-20 08:00:00','2017-10-20 08:00:00','UTC'),('558b7acc1c754b519dde3b02cd893c34','2017-03-21 11:36:07','2017-03-21 11:36:07',0,'27a393b5dfd447ea93db6d40e0a62e5f','2017-03-20 17:00:00','2017-03-20 12:00:00','America/Chicago'),('565f1604d07d4ea9b4682faf2509129d','2017-05-16 13:58:14','2017-05-16 13:58:14',0,'27a393b5dfd447ea93db6d40e0a62e5f','2017-05-13 17:00:00','2017-05-13 12:00:00','America/Chicago'),('56da4f9a6c0e4d6aaa4d499417abd867','2017-02-15 12:25:00','2017-02-15 12:25:00',0,'27a393b5dfd447ea93db6d40e0a62e5f','2017-02-13 18:00:00','2017-02-13 12:00:00','America/Chicago'),('570597ab477649b7a64b9b927aafd858','2016-12-20 00:39:21','2016-12-20 00:39:21',0,'dc65929db1ea4458a103d5a84d08da8f','2016-12-17 18:00:00','2016-12-17 12:00:00','America/Chicago'),('572e82cb979c489c9f9a77fb7824bad3','2016-12-11 05:12:15','2016-12-11 05:12:15',0,'27a393b5dfd447ea93db6d40e0a62e5f','2016-09-27 17:00:00','2016-09-27 12:00:00','America/Chicago'),('573b986c51ed4ee69229d76ca8cd8e65','2017-07-20 13:41:42','2017-07-20 13:41:53',1,'3aa4e5df14c94682ac350772579b7f79','2017-07-19 21:40:00','2017-07-19 21:40:00','UTC'),('5794939ba83246a09ecf0c23d7e91347','2017-04-30 23:30:51','2017-04-30 23:30:51',0,'27a393b5dfd447ea93db6d40e0a62e5f','2017-04-29 17:00:00','2017-04-29 12:00:00','America/Chicago'),('57d1d210a8e746b3ad3273b0b95467c4','2017-07-14 13:23:01','2017-07-14 13:23:01',0,'cf51344a52f44bdbb270c68ec7465561','2017-07-14 13:23:01','2017-07-14 08:23:01','America/Mexico_City'),('58417a27312c4e898f9aba52252422b5','2017-09-12 00:12:22','2017-09-12 00:12:34',1,'cf51344a52f44bdbb270c68ec7465561','2017-09-11 07:45:00','2017-09-11 07:45:00','UTC'),('5872c47370d546b68462f363f4be76f1','2016-12-11 05:07:35','2016-12-11 05:07:35',0,'27a393b5dfd447ea93db6d40e0a62e5f','2016-09-30 17:00:00','2016-09-30 12:00:00','America/Chicago'),('587cd47d14c14ca993f2c7ed10a5c54b','2018-01-01 16:11:05','2018-01-01 16:11:05',0,'27a393b5dfd447ea93db6d40e0a62e5f','2017-12-29 18:00:00','2017-12-29 12:00:00','America/Chicago'),('593b8ef8fa7a44c2965b92451be40b5e','2017-05-04 11:49:27','2017-05-04 11:49:43',1,'cf51344a52f44bdbb270c68ec7465561','2017-05-03 07:15:00','2017-05-03 07:15:00','UTC'),('59a412259f8a488d9b3c60261a447d71','2016-12-12 12:05:56','2016-12-12 12:05:56',0,'27a393b5dfd447ea93db6d40e0a62e5f','2016-12-11 18:00:00','2016-12-11 12:00:00','America/Chicago'),('59fdf1c55fb8449396a7a9c31c999989','2017-05-18 00:40:55','2017-05-18 00:41:06',1,'cf51344a52f44bdbb270c68ec7465561','2017-05-17 07:15:00','2017-05-17 07:15:00','UTC'),('5a12cba9764347e1999782ab9451eb9f','2017-12-23 03:45:45','2017-12-23 03:45:45',0,'27a393b5dfd447ea93db6d40e0a62e5f','2017-12-17 17:00:00','2017-12-17 12:00:00','America/New_York'),('5ac24041421a49228dfe14d44fd68ff7','2017-03-10 02:48:48','2017-03-10 02:49:01',1,'cf51344a52f44bdbb270c68ec7465561','2017-03-09 17:30:00','2017-03-09 17:30:00','UTC'),('5adbc89d7c1445d5ac611aa7677a6fa8','2017-05-29 21:42:06','2017-05-29 21:42:23',1,'3aa4e5df14c94682ac350772579b7f79','2017-05-28 22:00:00','2017-05-28 22:00:00','UTC'),('5af3149e7c51440d8ee3d205abe1ca77','2016-12-11 05:07:54','2016-12-11 05:07:54',0,'27a393b5dfd447ea93db6d40e0a62e5f','2016-10-05 17:00:00','2016-10-05 12:00:00','America/Chicago'),('5b0751e0c2ea443abcd5ddc884db6782','2017-08-25 12:08:25','2017-08-25 12:39:32',1,'cf51344a52f44bdbb270c68ec7465561','2017-08-21 07:19:00','2017-08-21 07:19:00','UTC'),('5b28daac8f8641d6ad4ba520918a7762','2017-01-09 13:13:09','2017-01-09 13:13:09',0,'27a393b5dfd447ea93db6d40e0a62e5f','2017-01-07 18:00:00','2017-01-07 12:00:00','America/Chicago'),('5b3fb3af30944a24a2a2de669d06d78b','2016-12-11 05:09:46','2016-12-11 05:09:46',0,'27a393b5dfd447ea93db6d40e0a62e5f','2016-11-11 18:00:00','2016-11-11 12:00:00','America/Chicago'),('5b6f5d0ae7ad40c785d8617b845b52c2','2016-12-11 05:09:56','2016-12-11 05:09:56',0,'27a393b5dfd447ea93db6d40e0a62e5f','2016-11-15 18:00:00','2016-11-15 12:00:00','America/Chicago'),('5bb8c98e7bcb44d6bc38267f66dd7b49','2017-05-20 20:35:45','2017-05-20 20:35:45',0,'27a393b5dfd447ea93db6d40e0a62e5f','2017-05-19 17:00:00','2017-05-19 12:00:00','America/Chicago'),('5bbe71d7f235431cb521168191226627','2017-10-09 12:43:40','2017-10-09 12:43:49',1,'3aa4e5df14c94682ac350772579b7f79','2017-10-08 21:30:00','2017-10-08 21:30:00','UTC'),('5bd6421a5d28481692b1887b68dcd095','2017-04-25 11:17:29','2017-04-25 11:17:29',0,'27a393b5dfd447ea93db6d40e0a62e5f','2017-04-24 17:00:00','2017-04-24 12:00:00','America/Chicago'),('5c18b57b82d548c191da4a17f0c2056b','2017-11-17 14:00:38','2017-11-17 14:00:38',0,'27a393b5dfd447ea93db6d40e0a62e5f','2017-11-16 18:00:00','2017-11-16 12:00:00','America/Chicago'),('5cc78c7dbec344c9bd2f5559b9e71b7c','2017-11-07 14:35:41','2017-11-07 14:35:48',1,'cf51344a52f44bdbb270c68ec7465561','2017-11-06 08:00:00','2017-11-06 08:00:00','UTC'),('5da3bd1f461c4f138d122a98e9de2c40','2017-06-21 12:49:26','2017-06-21 12:49:37',1,'cf51344a52f44bdbb270c68ec7465561','2017-06-21 07:10:00','2017-06-21 07:10:00','UTC'),('5dc82a6f77694fcf8814365f76271665','2017-02-14 00:29:07','2017-02-14 00:29:07',0,'c4496f78f77a45429ac6c33d3686dc77','2017-02-09 18:00:00','2017-02-09 12:00:00','America/Chicago'),('5e2c55d37c654711b394e381eab08147','2017-06-07 13:59:13','2017-06-07 13:59:13',0,'27a393b5dfd447ea93db6d40e0a62e5f','2017-06-05 17:00:00','2017-06-05 12:00:00','America/Chicago'),('5ea53a8c91ef4e93bddbe4a3c5d7eb89','2017-06-12 15:29:27','2017-06-12 15:29:33',1,'cf51344a52f44bdbb270c68ec7465561','2017-06-10 10:00:00','2017-06-10 10:00:00','UTC'),('5ee0b8f1c49b4d9b9c501e8c7e2f9300','2017-04-20 11:37:16','2017-04-20 11:37:16',0,'27a393b5dfd447ea93db6d40e0a62e5f','2017-04-18 17:00:00','2017-04-18 12:00:00','America/Chicago'),('5ee144d3e4c24e71ab8266a7624d8581','2017-01-12 13:25:55','2017-01-12 13:25:55',0,'27a393b5dfd447ea93db6d40e0a62e5f','2017-01-10 18:00:00','2017-01-10 12:00:00','America/Chicago'),('5ee8064b448a419db2fff918a4d06762','2017-04-17 15:46:24','2017-04-17 15:46:24',0,'27a393b5dfd447ea93db6d40e0a62e5f','2017-04-11 17:00:00','2017-04-11 12:00:00','America/Chicago'),('5f1d98874b5c47a4a0454bbec7c5e5ff','2016-12-11 05:09:17','2016-12-11 05:09:17',0,'27a393b5dfd447ea93db6d40e0a62e5f','2016-11-01 17:00:00','2016-11-01 12:00:00','America/Chicago'),('5f3c377f148f4cf7808b72f86d954430','2017-09-04 12:39:07','2017-09-04 12:39:20',1,'cf51344a52f44bdbb270c68ec7465561','2017-09-01 07:40:00','2017-09-01 07:40:00','UTC'),('5f6267e9945549f29f0e2d8f8f8f61a0','2017-01-22 13:09:05','2017-01-22 13:09:05',0,'27a393b5dfd447ea93db6d40e0a62e5f','2017-01-21 18:00:00','2017-01-21 12:00:00','America/Chicago'),('5fb495e978b54576b194450d2a875203','2017-05-24 17:13:00','2017-05-24 17:13:15',2,'cf51344a52f44bdbb270c68ec7465561','2017-05-24 07:25:00','2017-05-24 07:25:00','UTC'),('5fc88b6e95064d5f8a4287614334045c','2017-08-09 17:07:59','2017-08-09 17:08:06',1,'3aa4e5df14c94682ac350772579b7f79','2017-08-08 23:00:00','2017-08-08 23:00:00','UTC'),('6007e102c9454860841b3f640d41ac5d','2017-03-05 12:59:57','2017-03-05 12:59:57',0,'9443c29aa1d147cb9fd5af4e8272f869','2017-03-01 18:00:00','2017-03-01 12:00:00','America/Chicago'),('601e1d8cefc7417f9a0ee1ae748ff571','2017-11-07 14:35:35','2017-11-07 14:35:35',0,'27a393b5dfd447ea93db6d40e0a62e5f','2017-11-06 18:00:00','2017-11-06 12:00:00','America/Chicago'),('6031fa0cad8a462db26b83f38fae25c9','2017-10-23 13:02:18','2017-10-23 13:02:18',0,'cf51344a52f44bdbb270c68ec7465561','2017-10-23 13:02:18','2017-10-23 08:02:18','America/Chicago'),('6041689a80c5445bab5ff71344c011a3','2017-06-21 01:10:07','2017-06-21 01:10:21',1,'cf51344a52f44bdbb270c68ec7465561','2017-06-19 07:00:00','2017-06-19 07:00:00','UTC'),('605b23851471480589b6f694ac54ef71','2017-12-09 19:04:25','2017-12-09 19:04:44',1,'3aa4e5df14c94682ac350772579b7f79','2017-12-09 09:20:00','2017-12-09 09:20:00','UTC'),('60c7968b73604f4182b8c4d304ea4e20','2017-09-04 20:00:16','2017-09-04 20:00:16',0,'3aa4e5df14c94682ac350772579b7f79','2017-09-04 20:00:16','2017-09-04 15:00:16','America/Chicago'),('60ed8ea2e0584e1382bcf45fad36460b','2016-12-11 05:10:39','2016-12-11 05:10:39',0,'27a393b5dfd447ea93db6d40e0a62e5f','2016-12-02 18:00:00','2016-12-02 12:00:00','America/Chicago'),('613ea1066c4542a1901686f0fec8f2ba','2017-05-04 11:48:24','2017-05-04 11:48:24',0,'27a393b5dfd447ea93db6d40e0a62e5f','2017-05-02 17:00:00','2017-05-02 12:00:00','America/Chicago'),('616e04774fb4431599c5dbcdd9107ed1','2017-07-08 00:42:15','2017-07-08 00:42:15',0,'a4724501a2c845b0b4b648f83402b549','2017-07-08 00:42:15','2017-07-07 19:42:15','America/Chicago'),('61949051d1fb4ee481d09e8fd6e7931c','2018-01-16 16:47:10','2018-01-16 16:47:10',0,'27a393b5dfd447ea93db6d40e0a62e5f','2018-01-08 18:00:00','2018-01-08 12:00:00','America/Chicago'),('6212c0e1aa684c6cb105172cdafd2aa2','2017-05-22 15:54:23','2017-05-22 15:54:39',1,'3aa4e5df14c94682ac350772579b7f79','2017-05-21 13:30:00','2017-05-21 13:30:00','UTC'),('62b7a0c0fbd84fad8b528035b47715b1','2017-12-04 15:52:20','2017-12-04 15:52:20',0,'27a393b5dfd447ea93db6d40e0a62e5f','2017-12-03 18:00:00','2017-12-03 12:00:00','America/Chicago'),('62c23bfc8e0d43928218d55cb95d1da4','2018-01-16 16:47:07','2018-01-16 16:47:07',0,'27a393b5dfd447ea93db6d40e0a62e5f','2018-01-06 18:00:00','2018-01-06 12:00:00','America/Chicago'),('62e434c3b8a240959ca16e9e60b6c0ff','2018-02-07 15:11:00','2018-02-07 15:11:00',0,'3aa4e5df14c94682ac350772579b7f79','2018-02-02 18:00:00','2018-02-02 12:00:00','America/Chicago'),('632ae9b14ded4807b37ca7ef07113b4f','2017-10-25 13:42:26','2017-10-25 13:42:26',0,'cf51344a52f44bdbb270c68ec7465561','2017-10-25 13:42:26','2017-10-25 08:42:26','America/Chicago'),('633c343bbf314ac4af9bb602bb934c03','2017-11-11 21:12:22','2017-11-11 21:12:37',1,'3aa4e5df14c94682ac350772579b7f79','2017-11-11 14:30:00','2017-11-11 14:30:00','UTC'),('6372dbbbd8df435fa8daf0471ef0c890','2017-05-16 13:58:17','2017-05-16 13:58:17',0,'27a393b5dfd447ea93db6d40e0a62e5f','2017-05-15 17:00:00','2017-05-15 12:00:00','America/Chicago'),('638b6212afe241a9a0c821c1d8d0e928','2017-01-22 13:09:23','2017-01-22 13:09:23',0,'cf51344a52f44bdbb270c68ec7465561','2017-01-21 18:00:00','2017-01-21 12:00:00','America/Chicago'),('63e2a19f846f47778114af5c209ab8e8','2018-05-09 11:37:31','2018-05-09 11:37:31',0,'9b977f6c481d4a058380283be1d24422','2018-05-08 17:00:00','2018-05-08 12:00:00','America/Chicago'),('63ed1a770535488d9ebb2ea3d3da81b0','2017-09-28 17:54:50','2017-09-28 17:55:03',1,'3aa4e5df14c94682ac350772579b7f79','2017-09-27 21:45:00','2017-09-27 21:45:00','UTC'),('642f2e5110c5483691cfe5ed52e99b58','2017-12-27 03:36:46','2017-12-27 03:36:46',0,'27a393b5dfd447ea93db6d40e0a62e5f','2017-12-25 17:00:00','2017-12-25 12:00:00','America/New_York'),('6466b8900dfe4f78b3520c8ca6b79b7a','2017-05-08 14:03:02','2017-05-08 14:03:02',0,'27a393b5dfd447ea93db6d40e0a62e5f','2017-05-06 17:00:00','2017-05-06 12:00:00','America/Chicago'),('646ef68dbbf4442aaffc8a7977bc8a5b','2017-11-13 15:32:25','2017-11-13 15:32:25',0,'27a393b5dfd447ea93db6d40e0a62e5f','2017-11-11 18:00:00','2017-11-11 12:00:00','America/Chicago'),('64aff422429c4f84a5d5a9975ca0a2b2','2018-02-22 11:48:10','2018-02-22 11:48:28',1,'3aa4e5df14c94682ac350772579b7f79','2018-02-21 23:30:00','2018-02-21 23:30:00','UTC'),('64bacc32d7354fa593ec45dbf73663f7','2017-01-31 15:06:11','2017-01-31 15:06:11',0,'27a393b5dfd447ea93db6d40e0a62e5f','2017-01-28 18:00:00','2017-01-28 12:00:00','America/Chicago'),('653e101622b44e6aa1d9fc8259a50dc4','2017-03-04 15:42:56','2017-03-04 15:43:07',1,'3aa4e5df14c94682ac350772579b7f79','2017-03-03 09:00:00','2017-03-03 09:00:00','UTC'),('660f31186f3044abba7b713fa007ec15','2017-12-11 13:36:22','2017-12-11 13:36:22',0,'cf51344a52f44bdbb270c68ec7465561','2017-12-11 13:36:22','2017-12-11 07:36:22','America/Chicago'),('664392c4c996468aa801f446714e484d','2018-05-15 11:10:33','2018-05-15 11:10:33',0,'27a393b5dfd447ea93db6d40e0a62e5f','2018-05-14 17:00:00','2018-05-14 12:00:00','America/Chicago'),('664c053d885c4e7c88ee258d9e6ca0b4','2017-02-15 12:25:01','2017-02-15 12:25:01',0,'27a393b5dfd447ea93db6d40e0a62e5f','2017-02-14 18:00:00','2017-02-14 12:00:00','America/Chicago'),('67d011bdea9c47d88e796d047d9107d8','2018-05-15 11:12:24','2018-05-15 11:12:24',0,'0feee5b266ab446ba696066aafd4b05b','2018-05-08 17:00:00','2018-05-08 12:00:00','America/Chicago'),('67d81d622cb34cc4b2692486df2bf9c5','2017-06-16 16:04:41','2017-06-16 16:05:16',1,'cf51344a52f44bdbb270c68ec7465561','2017-06-16 07:00:00','2017-06-16 07:00:00','UTC'),('6816a23c4aaf4f16936ed417e1e4cd9a','2017-12-10 00:45:43','2017-12-10 00:45:43',0,'690d46112e1a448e92c4a4bdf98414af','2017-12-10 00:45:43','2017-12-09 18:45:43','America/Chicago'),('6858ea5c48f44d02803d7e304c70cce6','2016-12-23 15:48:52','2016-12-23 15:48:52',0,'c4496f78f77a45429ac6c33d3686dc77','2016-12-20 18:00:00','2016-12-20 12:00:00','America/Chicago'),('68710be9785a455ca8c9da230752c728','2018-05-04 14:17:13','2018-05-04 14:17:24',1,'cf51344a52f44bdbb270c68ec7465561','2018-05-03 08:00:00','2018-05-03 08:00:00','UTC'),('687bce30adf8498693cf159f17b537ea','2017-05-25 11:21:02','2017-05-25 11:21:02',0,'27a393b5dfd447ea93db6d40e0a62e5f','2017-05-24 17:00:00','2017-05-24 12:00:00','America/Chicago'),('68b9d5c9068840d1b02f10eaa35505d1','2017-02-11 02:14:33','2017-02-11 02:14:33',0,'27a393b5dfd447ea93db6d40e0a62e5f','2017-02-03 18:00:00','2017-02-03 12:00:00','America/Chicago'),('68c21077da2448148c8ba52af7e30037','2017-12-04 15:51:31','2017-12-04 15:51:36',1,'00fbaffc802644f08ecdeb4d1d7758a4','2017-12-02 14:00:00','2017-12-02 14:00:00','UTC'),('694967cb917e4616ace04eb0b7bd3def','2018-05-09 11:37:34','2018-05-09 11:37:34',0,'9b977f6c481d4a058380283be1d24422','2018-05-01 17:00:00','2018-05-01 12:00:00','America/Chicago'),('69841283a9474a29bf87055c2eeb62dc','2017-03-21 11:36:05','2017-03-21 11:36:05',0,'27a393b5dfd447ea93db6d40e0a62e5f','2017-03-19 17:00:00','2017-03-19 12:00:00','America/Chicago'),('6a2a4ba828394824815f597c37a46757','2016-12-09 03:49:34','2016-12-09 03:49:34',0,'c4496f78f77a45429ac6c33d3686dc77','2016-12-06 18:00:00','2016-12-06 12:00:00','America/Chicago'),('6ab393a9e72644a0a5de035c9beba412','2017-01-05 00:18:26','2017-01-05 00:18:26',0,'27a393b5dfd447ea93db6d40e0a62e5f','2017-01-03 18:00:00','2017-01-03 12:00:00','America/Chicago'),('6b06f1ae321d460ebb49887f925d725c','2018-05-15 11:11:56','2018-05-15 11:11:56',0,'221e5bf196734262a3e1b736598c1090','2018-05-11 17:00:00','2018-05-11 12:00:00','America/Chicago'),('6c1e8d6a8f494235bf6ae678df47a314','2017-10-09 12:44:11','2017-10-09 12:44:11',0,'cf96c823a6f641e79fe841b8025c9589','2017-10-09 17:00:00','2017-10-09 12:00:00','America/Chicago'),('6c2cdfcf097c45d6b3621cfb1c6960a5','2017-12-09 00:41:38','2017-12-09 00:41:38',0,'27a393b5dfd447ea93db6d40e0a62e5f','2017-12-06 18:00:00','2017-12-06 12:00:00','America/Chicago'),('6cdec320c71e4161a6ea3aa43ab383ff','2017-03-06 14:50:39','2017-03-06 14:50:49',1,'cf51344a52f44bdbb270c68ec7465561','2017-03-06 08:00:00','2017-03-06 08:00:00','UTC'),('6d39f56bd39b41da8583aa69c24bc1fe','2017-12-18 01:53:42','2017-12-18 01:53:51',1,'cf51344a52f44bdbb270c68ec7465561','2017-12-15 08:00:00','2017-12-15 08:00:00','UTC'),('6d474c1637d14f479b5734c107e6f70f','2016-12-10 15:04:22','2016-12-10 15:04:36',1,'9b977f6c481d4a058380283be1d24422','2016-12-10 01:00:00','2016-12-09 19:00:00','America/Chicago'),('6d4d079c40bf4a5986d973cb21eef6dc','2017-04-17 15:47:06','2017-04-17 15:48:51',1,'3aa4e5df14c94682ac350772579b7f79','2017-04-16 21:45:00','2017-04-16 21:45:00','UTC'),('6d781d93285d4bb4bc2d80c747c473a0','2017-08-25 12:08:01','2017-08-25 12:08:06',1,'3aa4e5df14c94682ac350772579b7f79','2017-08-24 23:00:00','2017-08-24 23:00:00','UTC'),('6df1776f53964670aa7575ed42447dea','2017-12-01 18:08:07','2017-12-01 18:08:18',1,'3aa4e5df14c94682ac350772579b7f79','2017-11-30 22:45:00','2017-11-30 22:45:00','UTC'),('6e1e295614a54807994808b7c3da7cfd','2017-10-09 12:43:54','2017-10-09 12:44:01',1,'cf51344a52f44bdbb270c68ec7465561','2017-10-06 08:00:00','2017-10-06 08:00:00','UTC'),('6e258bb32442410abbbe6041e1caf080','2017-01-22 13:08:56','2017-01-22 13:08:56',0,'27a393b5dfd447ea93db6d40e0a62e5f','2017-01-16 18:00:00','2017-01-16 12:00:00','America/Chicago'),('6e46819080714d8bbf1ed34c415b5afb','2017-01-15 04:24:31','2017-01-15 04:24:31',0,'0f74f38571ea4f3c884b39e2b3e22a67','2017-01-15 04:24:31','2017-01-14 22:24:31','America/Chicago'),('6ec186cc1cb94d1981588cabb1f7d562','2018-01-13 17:18:34','2018-01-13 17:18:47',1,'cf51344a52f44bdbb270c68ec7465561','2018-01-02 07:47:00','2018-01-02 07:47:00','UTC'),('6efb307a6d9c4a7b946d350e8e1ad13d','2017-12-01 18:12:10','2017-12-01 18:12:10',0,'27a393b5dfd447ea93db6d40e0a62e5f','2017-11-30 18:00:00','2017-11-30 12:00:00','America/Chicago'),('6f09794daa0148e7b1a6b52928a2c0b3','2017-08-16 12:08:44','2017-08-16 12:09:05',1,'cf51344a52f44bdbb270c68ec7465561','2017-08-11 09:15:00','2017-08-11 09:15:00','UTC'),('6f114996d6ea49cb85b147720a11c2f5','2017-03-29 11:02:38','2017-03-29 11:02:48',1,'3aa4e5df14c94682ac350772579b7f79','2017-03-28 22:00:00','2017-03-28 22:00:00','UTC'),('6fb25c7a119b4805b2f48367a445dcc6','2017-04-07 13:09:20','2017-04-07 13:09:20',0,'27a393b5dfd447ea93db6d40e0a62e5f','2017-04-05 17:00:00','2017-04-05 12:00:00','America/Chicago'),('7018e4593f794c44b27f185942d53f5c','2016-12-11 05:09:48','2016-12-11 05:09:48',0,'27a393b5dfd447ea93db6d40e0a62e5f','2016-11-12 18:00:00','2016-11-12 12:00:00','America/Chicago'),('7020174f2476471e8dec56d2298bcf84','2017-12-18 01:54:18','2017-12-18 01:54:18',0,'27a393b5dfd447ea93db6d40e0a62e5f','2017-12-14 18:00:00','2017-12-14 12:00:00','America/Chicago'),('70593b99ca94493fa373288799cf9caa','2017-03-27 13:41:01','2017-03-27 13:41:01',0,'27a393b5dfd447ea93db6d40e0a62e5f','2017-03-24 17:00:00','2017-03-24 12:00:00','America/Chicago'),('705bbb5a62114f52b38d4497f6b19f1f','2017-04-17 15:46:27','2017-04-17 15:46:27',0,'27a393b5dfd447ea93db6d40e0a62e5f','2017-04-13 17:00:00','2017-04-13 12:00:00','America/Chicago'),('709e28c44495439cbf0476f1e26745bb','2018-01-16 16:47:33','2018-01-16 16:47:44',1,'cf51344a52f44bdbb270c68ec7465561','2018-01-15 08:30:00','2018-01-15 08:30:00','UTC'),('70c72b0465724d5bb2389a952d2084d2','2017-11-09 15:17:31','2017-11-09 15:17:31',0,'0f74f38571ea4f3c884b39e2b3e22a67','2017-11-09 18:00:00','2017-11-09 12:00:00','America/Chicago'),('710c84d3306a46f7a58d0aecb48e1cb7','2018-05-15 11:12:26','2018-05-15 11:12:26',0,'0feee5b266ab446ba696066aafd4b05b','2018-05-10 17:00:00','2018-05-10 12:00:00','America/Chicago'),('7197983defc8441a9e8f1590f1be6267','2017-03-14 14:02:24','2017-03-14 14:02:24',0,'27a393b5dfd447ea93db6d40e0a62e5f','2017-03-13 17:00:00','2017-03-13 12:00:00','America/Chicago'),('7238e9d90f794974ba4a15e51e410ae9','2018-03-15 13:39:56','2018-03-15 13:39:56',0,'8559dcc4e0f14c259e986c6b31ae7c66','2018-03-14 17:00:00','2018-03-14 12:00:00','America/Chicago'),('725a7eace4cd4f7186fcfb252682edab','2017-04-07 13:09:42','2017-04-07 13:09:59',1,'3aa4e5df14c94682ac350772579b7f79','2017-04-06 21:40:00','2017-04-06 21:40:00','UTC'),('72d92211276a4043a380554736de0f5f','2017-09-28 17:55:12','2017-09-28 17:55:22',1,'3aa4e5df14c94682ac350772579b7f79','2017-09-19 10:00:00','2017-09-19 10:00:00','UTC'),('7314b38d9cc74028ba162d143ccd073a','2017-05-22 15:53:33','2017-05-22 15:53:33',0,'27a393b5dfd447ea93db6d40e0a62e5f','2017-05-21 17:00:00','2017-05-21 12:00:00','America/Chicago'),('7320e7a61fcd4e80bfd3175eb8941f6a','2017-03-31 15:02:05','2017-03-31 15:02:17',1,'3aa4e5df14c94682ac350772579b7f79','2017-03-31 09:30:00','2017-03-31 09:30:00','UTC'),('735df5be575a437ebff2c04c6c93a34d','2017-12-27 03:38:11','2017-12-27 03:38:28',1,'cf51344a52f44bdbb270c68ec7465561','2017-12-26 16:45:00','2017-12-26 16:45:00','UTC'),('73b1a3d7f4084f9e9dc84451ad866396','2017-04-20 11:37:18','2017-04-20 11:37:18',0,'27a393b5dfd447ea93db6d40e0a62e5f','2017-04-19 17:00:00','2017-04-19 12:00:00','America/Chicago'),('741517f77ab34736aa77773284fef13c','2017-12-01 18:12:08','2017-12-01 18:12:08',0,'27a393b5dfd447ea93db6d40e0a62e5f','2017-11-29 18:00:00','2017-11-29 12:00:00','America/Chicago'),('74256578dfb94d6a9db9fd0879b10cf7','2017-11-03 02:37:41','2017-11-03 02:37:52',1,'3aa4e5df14c94682ac350772579b7f79','2017-11-02 08:40:00','2017-11-02 08:40:00','UTC'),('7430325db5c74262aa5c002815bc96cc','2017-03-28 11:20:04','2017-03-28 11:20:04',0,'27a393b5dfd447ea93db6d40e0a62e5f','2017-03-27 17:00:00','2017-03-27 12:00:00','America/Chicago'),('7459b98545704994a0e7aa98d98be065','2017-01-26 12:11:38','2017-01-26 12:11:38',0,'cf51344a52f44bdbb270c68ec7465561','2017-01-24 18:00:00','2017-01-24 12:00:00','America/Chicago'),('74b17d56a25b4a7899bb1614f4fc1c8f','2017-04-22 23:55:26','2017-04-22 23:55:26',0,'27a393b5dfd447ea93db6d40e0a62e5f','2017-04-21 17:00:00','2017-04-21 12:00:00','America/Chicago'),('74c66d36a3374542928d21e2e0b56565','2017-09-11 14:35:12','2017-09-11 14:35:22',1,'3aa4e5df14c94682ac350772579b7f79','2017-09-08 11:20:00','2017-09-08 11:20:00','UTC'),('750caa6f2c784371847c68097ba103e2','2018-01-01 16:11:02','2018-01-01 16:11:02',0,'27a393b5dfd447ea93db6d40e0a62e5f','2017-12-27 18:00:00','2017-12-27 12:00:00','America/Chicago'),('7512df974d904f619d2c2bfe5b987cbb','2017-11-13 15:32:27','2017-11-13 15:32:27',0,'27a393b5dfd447ea93db6d40e0a62e5f','2017-11-12 18:00:00','2017-11-12 12:00:00','America/Chicago'),('76607629b4f54e15b161ac7c4ad0f6b8','2017-08-02 11:43:24','2017-08-02 11:43:37',1,'cf51344a52f44bdbb270c68ec7465561','2017-07-28 07:55:00','2017-07-28 07:55:00','UTC'),('7673753f55614d1987d4754a1ec449ec','2018-05-04 14:25:00','2018-05-04 14:25:00',0,'0feee5b266ab446ba696066aafd4b05b','2018-05-03 17:00:00','2018-05-03 12:00:00','America/Chicago'),('76fa790473f646a185dccf0cc2ec0c00','2017-11-07 14:35:34','2017-11-07 14:35:34',0,'27a393b5dfd447ea93db6d40e0a62e5f','2017-11-05 18:00:00','2017-11-05 12:00:00','America/Chicago'),('774b5aad366b4381bba2694d6ed46aec','2018-05-15 11:11:55','2018-05-15 11:11:55',0,'221e5bf196734262a3e1b736598c1090','2018-05-10 17:00:00','2018-05-10 12:00:00','America/Chicago'),('774e004bda524ee3800628305e09c036','2017-03-29 11:02:22','2017-03-29 11:02:22',0,'27a393b5dfd447ea93db6d40e0a62e5f','2017-03-28 17:00:00','2017-03-28 12:00:00','America/Chicago'),('78008a6d7c964a7cb22bf70fc88bd9a0','2017-05-05 21:33:58','2017-05-05 21:33:58',0,'27a393b5dfd447ea93db6d40e0a62e5f','2017-05-04 17:00:00','2017-05-04 12:00:00','America/Chicago'),('7828f825ac384da2bbcf1069cb4cfa3e','2017-04-03 03:17:54','2017-04-03 03:18:06',1,'3aa4e5df14c94682ac350772579b7f79','2017-04-02 22:00:00','2017-04-02 22:00:00','UTC'),('785f642aac8949c1839c969b2e2c63ec','2017-04-07 12:47:30','2017-04-07 12:47:30',0,'cf51344a52f44bdbb270c68ec7465561','2017-04-07 12:47:30','2017-04-07 07:47:30','America/Chicago'),('788ddca222cd460198ba8f3702983f79','2018-05-15 11:12:58','2018-05-15 11:13:10',1,'cf51344a52f44bdbb270c68ec7465561','2018-05-11 08:30:00','2018-05-11 08:30:00','UTC'),('78923a7094c24238aef3f787c58ffe0c','2018-01-01 16:11:19','2018-01-01 16:11:33',1,'cf51344a52f44bdbb270c68ec7465561','2017-12-28 11:00:00','2017-12-28 11:00:00','UTC'),('78d9c4ccaa3a43b9a5d868617a9d810c','2017-01-28 16:54:32','2017-01-28 16:54:32',0,'cf51344a52f44bdbb270c68ec7465561','2017-01-28 18:00:00','2017-01-28 12:00:00','America/Chicago'),('7905bec62da546f187954694a8f04058','2016-12-21 13:37:42','2016-12-21 13:37:50',1,'cf51344a52f44bdbb270c68ec7465561','2016-12-20 08:00:00','2016-12-20 08:00:00','UTC'),('7986c52b32854364b29c0e3bfff62140','2017-05-04 11:48:23','2017-05-04 11:48:23',0,'27a393b5dfd447ea93db6d40e0a62e5f','2017-05-01 17:00:00','2017-05-01 12:00:00','America/Chicago'),('79944fe19ba648d2980427dd2e4140b3','2016-12-11 05:10:31','2016-12-11 05:10:31',0,'27a393b5dfd447ea93db6d40e0a62e5f','2016-11-30 18:00:00','2016-11-30 12:00:00','America/Chicago'),('79a98c35ac724424844454acd19931a0','2017-05-24 11:47:27','2017-05-24 11:47:27',0,'27a393b5dfd447ea93db6d40e0a62e5f','2017-05-23 17:00:00','2017-05-23 12:00:00','America/Chicago'),('7a82c14910c74223b5aef3b3fb350c2d','2018-05-04 14:23:13','2018-05-04 14:23:13',0,'27a393b5dfd447ea93db6d40e0a62e5f','2018-05-03 17:00:00','2018-05-03 12:00:00','America/Chicago'),('7a86118c83d5450b955e38b16e627360','2017-03-23 11:43:07','2017-03-23 11:43:25',2,'cf51344a52f44bdbb270c68ec7465561','2017-03-22 07:20:00','2017-03-22 07:20:00','UTC'),('7b0891ae58674d2e8ac6a678c41133bb','2017-02-14 00:29:04','2017-02-14 00:29:04',0,'c4496f78f77a45429ac6c33d3686dc77','2017-02-11 18:00:00','2017-02-11 12:00:00','America/Chicago'),('7bb02705d6e44031ba62607d58f2c683','2016-12-09 03:47:57','2016-12-09 03:47:57',0,'a739b587e94b456cb9685a4734ccc095','2016-12-09 03:47:57','2016-12-08 21:47:57','America/Chicago'),('7c0021db0e6b4c27ab5a452d5f36377b','2017-01-31 15:06:22','2017-01-31 15:06:22',0,'cf51344a52f44bdbb270c68ec7465561','2017-01-31 18:00:00','2017-01-31 12:00:00','America/Chicago'),('7c06a36d664f4cc186ae2755732351d9','2017-04-10 13:48:44','2017-04-10 13:49:05',1,'cf51344a52f44bdbb270c68ec7465561','2017-04-10 07:25:00','2017-04-10 07:25:00','UTC'),('7c1e65d8f96f43d19fcd5d21af77723a','2017-03-14 14:02:17','2017-03-14 14:02:17',0,'cf51344a52f44bdbb270c68ec7465561','2017-03-14 14:02:17','2017-03-14 09:02:17','America/Chicago'),('7c7f5e6f703243928c1316dc7e987b7a','2016-12-31 16:00:29','2016-12-31 16:00:29',0,'27a393b5dfd447ea93db6d40e0a62e5f','2016-12-29 18:00:00','2016-12-29 12:00:00','America/Chicago'),('7cf2c9dd4a884fc9939da0c57594e386','2017-01-16 22:06:52','2017-01-16 22:06:52',0,'27a393b5dfd447ea93db6d40e0a62e5f','2017-01-15 18:00:00','2017-01-15 12:00:00','America/Chicago'),('7cf33727fbb74c4ba302ae6218b116e1','2016-12-14 14:04:31','2016-12-14 14:04:31',0,'c4496f78f77a45429ac6c33d3686dc77','2016-12-12 18:00:00','2016-12-12 12:00:00','America/Chicago'),('7d287e8b248243329427e578783a7bb9','2017-06-12 15:29:13','2017-06-12 15:29:13',0,'27a393b5dfd447ea93db6d40e0a62e5f','2017-06-07 17:00:00','2017-06-07 12:00:00','America/Chicago'),('7d66bd9545784cddae4386db0f301271','2016-12-11 05:10:20','2016-12-11 05:10:20',0,'27a393b5dfd447ea93db6d40e0a62e5f','2016-11-25 18:00:00','2016-11-25 12:00:00','America/Chicago'),('7daebc43c9df418aa114363f87d223b8','2016-12-11 05:09:37','2016-12-11 05:09:37',0,'27a393b5dfd447ea93db6d40e0a62e5f','2016-11-08 18:00:00','2016-11-08 12:00:00','America/Chicago'),('7dc967ef2c364fa4b9c98dae7b5827a0','2017-11-16 22:17:26','2017-11-16 22:17:26',0,'27a393b5dfd447ea93db6d40e0a62e5f','2017-11-15 18:00:00','2017-11-15 12:00:00','America/Chicago'),('7e288309c2b7430981118bed424bb9da','2017-06-05 12:27:32','2017-06-05 12:27:32',0,'27a393b5dfd447ea93db6d40e0a62e5f','2017-06-03 17:00:00','2017-06-03 12:00:00','America/Chicago'),('7e3f46cb490a4c60a6b60d1edcf7d3f2','2017-02-20 15:08:43','2017-02-20 15:08:43',0,'3aa4e5df14c94682ac350772579b7f79','2017-02-20 15:08:43','2017-02-20 09:08:43','America/Chicago'),('7ed24b774ae94230bd321c8227509261','2017-05-22 15:53:32','2017-05-22 15:53:32',0,'27a393b5dfd447ea93db6d40e0a62e5f','2017-05-20 17:00:00','2017-05-20 12:00:00','America/Chicago'),('7ef09ea6115548e981800c2c0ec623d5','2017-01-02 13:20:28','2017-01-02 13:20:28',0,'27a393b5dfd447ea93db6d40e0a62e5f','2016-12-31 18:00:00','2016-12-31 12:00:00','America/Chicago'),('80ab5692120a4370a6ff85e788bd47ea','2016-12-09 03:49:20','2016-12-09 03:49:20',0,'c4496f78f77a45429ac6c33d3686dc77','2016-12-07 18:00:00','2016-12-07 12:00:00','America/Chicago'),('80c235c3cb294e04806aaa17eddfd002','2018-03-20 21:42:57','2018-03-20 21:43:11',1,'3aa4e5df14c94682ac350772579b7f79','2018-03-18 21:45:00','2018-03-18 21:45:00','UTC'),('81574601ce4d44bab3402b720272b61e','2016-12-28 01:45:48','2016-12-28 01:45:48',0,'00fbaffc802644f08ecdeb4d1d7758a4','2016-12-22 18:00:00','2016-12-22 12:00:00','America/Chicago'),('81b31115824c48b98e419c2762238b5a','2017-07-03 20:55:15','2017-07-03 20:55:27',1,'3aa4e5df14c94682ac350772579b7f79','2017-07-03 15:15:00','2017-07-03 15:15:00','UTC'),('81c476d8117345b4aa0cf9e2fda465cd','2017-02-19 18:46:28','2017-02-19 18:46:28',0,'27a393b5dfd447ea93db6d40e0a62e5f','2017-02-18 18:00:00','2017-02-18 12:00:00','America/Chicago'),('81d906bd652e45c29aa56ca10a29421d','2018-01-13 17:15:12','2018-01-13 17:15:24',1,'3aa4e5df14c94682ac350772579b7f79','2018-01-12 22:30:00','2018-01-12 22:30:00','UTC'),('81e9624704d04542885065ca02a6ef8a','2016-12-11 05:10:17','2016-12-11 05:10:17',0,'27a393b5dfd447ea93db6d40e0a62e5f','2016-11-24 18:00:00','2016-11-24 12:00:00','America/Chicago'),('820046ee04f64f28aad4c8a17a969837','2018-04-12 14:23:09','2018-04-12 14:23:09',0,'3aa4e5df14c94682ac350772579b7f79','2018-04-12 14:23:09','2018-04-12 09:23:09','America/Chicago'),('821372e7b76f4844a53b08d83d11c66a','2017-01-15 04:24:46','2017-01-15 04:25:18',1,'cf51344a52f44bdbb270c68ec7465561','2017-01-14 09:30:00','2017-01-14 09:30:00','UTC'),('8269476efc2946e493d67d1aff9aaeb7','2016-12-16 13:16:30','2016-12-16 13:16:30',0,'27a393b5dfd447ea93db6d40e0a62e5f','2016-12-15 18:00:00','2016-12-15 12:00:00','America/Chicago'),('82725606ee654b67bd2ad4e786027d8b','2016-12-25 14:22:11','2016-12-25 14:22:11',0,'27a393b5dfd447ea93db6d40e0a62e5f','2016-12-24 18:00:00','2016-12-24 12:00:00','America/Chicago'),('82b0445270d94c4b984220859b57f773','2016-12-11 05:08:28','2016-12-11 05:08:28',0,'27a393b5dfd447ea93db6d40e0a62e5f','2016-10-16 17:00:00','2016-10-16 12:00:00','America/Chicago'),('82bd611fd403432aa6fcbd0aac4213a7','2017-06-07 13:58:20','2017-06-07 13:59:05',1,'cf51344a52f44bdbb270c68ec7465561','2017-06-07 07:10:00','2017-06-07 07:10:00','UTC'),('82cd5cc8a77c4921a6beac793d6a4348','2018-05-15 11:10:29','2018-05-15 11:10:29',0,'27a393b5dfd447ea93db6d40e0a62e5f','2018-05-11 17:00:00','2018-05-11 12:00:00','America/Chicago'),('82eb3c60096d4d63a211032f7e524c7e','2016-12-11 05:07:57','2016-12-11 05:07:57',0,'27a393b5dfd447ea93db6d40e0a62e5f','2016-10-06 17:00:00','2016-10-06 12:00:00','America/Chicago'),('8341da3d7bb449b9b9bc708c24418e61','2018-01-01 16:11:04','2018-01-01 16:11:04',0,'27a393b5dfd447ea93db6d40e0a62e5f','2017-12-28 18:00:00','2017-12-28 12:00:00','America/Chicago'),('8464d4a108cb4a5398c210c4d9f031a7','2017-09-14 19:54:06','2017-09-14 19:54:18',1,'cf51344a52f44bdbb270c68ec7465561','2017-09-13 07:30:00','2017-09-13 07:30:00','UTC'),('84666c657dfa4ff595458d50c8be4690','2017-02-22 12:19:03','2017-02-22 12:19:03',0,'27a393b5dfd447ea93db6d40e0a62e5f','2017-02-21 18:00:00','2017-02-21 12:00:00','America/Chicago'),('84f676fa01d34d54a1b1a0497da0f279','2017-02-03 12:43:55','2017-02-03 12:43:55',0,'27a393b5dfd447ea93db6d40e0a62e5f','2017-02-02 18:00:00','2017-02-02 12:00:00','America/Chicago'),('859ab1c13c1542cbb687a77de734ffbc','2017-04-30 23:30:50','2017-04-30 23:30:50',0,'27a393b5dfd447ea93db6d40e0a62e5f','2017-04-28 17:00:00','2017-04-28 12:00:00','America/Chicago'),('859cd2e7653845858289ec47d940feb9','2017-03-21 11:36:02','2017-03-21 11:36:02',0,'27a393b5dfd447ea93db6d40e0a62e5f','2017-03-17 17:00:00','2017-03-17 12:00:00','America/Chicago'),('85a6e3b5b04f49668e9a5e0d1484ee11','2017-03-11 14:56:16','2017-03-11 14:56:23',1,'3aa4e5df14c94682ac350772579b7f79','2017-03-09 22:00:00','2017-03-09 22:00:00','UTC'),('8611d4c01b7c456bbb1cf84719300c6f','2017-05-05 21:34:04','2017-05-05 21:34:18',1,'cf51344a52f44bdbb270c68ec7465561','2017-05-05 07:25:00','2017-05-05 07:25:00','UTC'),('87159d294ade46c69b30ef2bb801544d','2016-12-11 05:10:29','2016-12-11 05:10:29',0,'27a393b5dfd447ea93db6d40e0a62e5f','2016-11-29 18:00:00','2016-11-29 12:00:00','America/Chicago'),('877a396557434741814473f9d94b3230','2017-05-19 14:35:52','2017-05-19 14:35:52',0,'27a393b5dfd447ea93db6d40e0a62e5f','2017-05-17 17:00:00','2017-05-17 12:00:00','America/Chicago'),('88e2c0a3e0d8400a88b5b291bb57daf0','2016-12-11 05:07:45','2016-12-11 05:07:45',0,'27a393b5dfd447ea93db6d40e0a62e5f','2016-10-02 17:00:00','2016-10-02 12:00:00','America/Chicago'),('89595e25efb5460a9954ceece04695cb','2017-07-18 03:03:05','2017-07-18 03:03:20',1,'cf51344a52f44bdbb270c68ec7465561','2017-07-17 16:45:00','2017-07-17 16:45:00','UTC'),('89c8c20be3684ec1abe5fc212a6cf72d','2018-05-15 11:11:57','2018-05-15 11:11:57',0,'221e5bf196734262a3e1b736598c1090','2018-05-12 17:00:00','2018-05-12 12:00:00','America/Chicago'),('89f955d38ffe4664bf26db3025331aff','2017-03-13 23:56:02','2017-03-13 23:56:02',0,'27a393b5dfd447ea93db6d40e0a62e5f','2017-03-11 18:00:00','2017-03-11 12:00:00','America/Chicago'),('8a2f89292203479d9e5ab392c85b0a39','2017-12-27 03:36:38','2017-12-27 03:36:38',0,'27a393b5dfd447ea93db6d40e0a62e5f','2017-12-22 17:00:00','2017-12-22 12:00:00','America/New_York'),('8a32dbb03ed2423486bcfa426a9e2820','2016-12-11 05:09:53','2016-12-11 05:09:53',0,'27a393b5dfd447ea93db6d40e0a62e5f','2016-11-14 18:00:00','2016-11-14 12:00:00','America/Chicago'),('8b889dd27d2f418cae8c41b620dea777','2016-12-20 00:39:16','2016-12-20 00:39:16',0,'dc65929db1ea4458a103d5a84d08da8f','2016-12-15 18:00:00','2016-12-15 12:00:00','America/Chicago'),('8c1ebb1ea1a4441680ea1de5bd723a7d','2018-05-15 11:11:58','2018-05-15 11:11:58',0,'221e5bf196734262a3e1b736598c1090','2018-05-13 17:00:00','2018-05-13 12:00:00','America/Chicago'),('8ce28d245c2f485e8254cc6a70cca747','2017-04-07 13:09:18','2017-04-07 13:09:18',0,'27a393b5dfd447ea93db6d40e0a62e5f','2017-04-04 17:00:00','2017-04-04 12:00:00','America/Chicago'),('8dccae5fc2c94ade8a5f9aabe5d7c665','2016-12-11 05:09:06','2016-12-11 05:09:06',0,'27a393b5dfd447ea93db6d40e0a62e5f','2016-10-29 17:00:00','2016-10-29 12:00:00','America/Chicago'),('8e5686621992491ba462a41064e3a2e8','2018-05-15 11:12:28','2018-05-15 11:12:28',0,'0feee5b266ab446ba696066aafd4b05b','2018-05-12 17:00:00','2018-05-12 12:00:00','America/Chicago'),('8e598bc0f5fd4ba2b650a7c14e97f90f','2017-02-11 04:18:52','2017-02-11 04:19:02',1,'3924c9190d4f4982aed18c88b2264522','2017-02-06 09:00:00','2017-02-06 09:00:00','UTC'),('8e67f450a01349bc9c39db5e499fa4cd','2017-06-24 16:06:59','2017-06-24 16:07:19',1,'cf51344a52f44bdbb270c68ec7465561','2017-06-23 07:05:00','2017-06-23 07:05:00','UTC'),('8e692aaee097448d9d438fc0e7453824','2017-01-09 13:13:11','2017-01-09 13:13:11',0,'27a393b5dfd447ea93db6d40e0a62e5f','2017-01-08 18:00:00','2017-01-08 12:00:00','America/Chicago'),('8e708e6bc90f4e748387285c3450efb1','2017-10-11 16:10:41','2017-10-11 16:10:41',0,'9443c29aa1d147cb9fd5af4e8272f869','2017-10-11 17:00:00','2017-10-11 12:00:00','America/Chicago'),('8e9a3b0285754c4dbd401394b87fa029','2017-11-27 14:02:18','2017-11-27 14:02:18',0,'27a393b5dfd447ea93db6d40e0a62e5f','2017-11-21 18:00:00','2017-11-21 12:00:00','America/Chicago'),('8ea5972162114a32a143333d538012c6','2017-11-27 14:02:22','2017-11-27 14:02:22',0,'27a393b5dfd447ea93db6d40e0a62e5f','2017-11-23 18:00:00','2017-11-23 12:00:00','America/Chicago'),('8ee0f3dbe9fa426e8284c7d73da4a45a','2017-10-06 10:48:42','2017-10-06 10:48:51',1,'cf51344a52f44bdbb270c68ec7465561','2017-10-02 08:00:00','2017-10-02 08:00:00','UTC'),('8fc9ee65994247bcb2134d7ee40deebe','2018-05-15 11:12:23','2018-05-15 11:12:23',0,'0feee5b266ab446ba696066aafd4b05b','2018-05-07 17:00:00','2018-05-07 12:00:00','America/Chicago'),('8fe48d774c43428e88b3c58e9c19cc15','2017-05-04 11:48:26','2017-05-04 11:48:26',0,'27a393b5dfd447ea93db6d40e0a62e5f','2017-05-03 17:00:00','2017-05-03 12:00:00','America/Chicago'),('92d2bf0c2730422bab3ea8cc5f64415f','2017-01-22 13:09:01','2017-01-22 13:09:01',0,'27a393b5dfd447ea93db6d40e0a62e5f','2017-01-19 18:00:00','2017-01-19 12:00:00','America/Chicago'),('92dd7fd456264a6ba10c7d958c0537ed','2016-12-11 05:08:00','2016-12-11 05:08:00',0,'27a393b5dfd447ea93db6d40e0a62e5f','2016-10-07 17:00:00','2016-10-07 12:00:00','America/Chicago'),('93a83244132c4cca934bbf180d61d5cc','2017-08-16 12:08:39','2017-08-16 12:08:39',0,'cf51344a52f44bdbb270c68ec7465561','2017-08-16 12:08:39','2017-08-16 07:08:39','America/Chicago'),('93b16cf70c1a44529c63bc2cc4ade57d','2018-03-24 18:33:11','2018-03-24 18:33:31',1,'3aa4e5df14c94682ac350772579b7f79','2018-03-24 13:15:00','2018-03-24 13:15:00','UTC'),('94392457b55d4721b9f464d32fef45d6','2017-11-24 14:03:31','2017-11-24 14:03:31',0,'cf51344a52f44bdbb270c68ec7465561','2017-11-24 14:03:31','2017-11-24 08:03:31','America/Chicago'),('9444ff2293ce442a81a99278426e8add','2017-01-31 15:06:14','2017-01-31 15:06:14',0,'27a393b5dfd447ea93db6d40e0a62e5f','2017-01-30 18:00:00','2017-01-30 12:00:00','America/Chicago'),('94526e3c7f714258996d143468683d42','2017-04-07 13:09:22','2017-04-07 13:09:22',0,'27a393b5dfd447ea93db6d40e0a62e5f','2017-04-06 17:00:00','2017-04-06 12:00:00','America/Chicago'),('94ee073e98034e0c88568a4132b32ec6','2017-10-09 14:59:47','2017-10-09 14:59:57',1,'cf51344a52f44bdbb270c68ec7465561','2017-10-09 08:15:00','2017-10-09 08:15:00','UTC'),('9525dc627aa6491eab32ef80b3e36725','2016-12-24 15:34:40','2016-12-24 15:34:40',0,'27a393b5dfd447ea93db6d40e0a62e5f','2016-12-23 18:00:00','2016-12-23 12:00:00','America/Chicago'),('95737a7dcca04adabc3d83cff76a4839','2017-03-19 04:34:33','2017-03-19 04:34:33',0,'3aa4e5df14c94682ac350772579b7f79','2017-03-19 04:34:33','2017-03-18 23:34:33','America/Chicago'),('9577a0a4fa104bed8f8afe8115b0b665','2017-11-05 15:35:45','2017-11-05 15:35:50',1,'3924c9190d4f4982aed18c88b2264522','2017-10-31 08:00:00','2017-10-31 08:00:00','UTC'),('9593a28a51ec4086bec5c1f2a7fe4268','2017-02-24 12:18:03','2017-02-24 12:18:03',0,'27a393b5dfd447ea93db6d40e0a62e5f','2017-02-22 18:00:00','2017-02-22 12:00:00','America/Chicago'),('95affeb51aa94943905039c7735eb874','2017-11-08 23:16:23','2017-11-08 23:16:30',1,'cf51344a52f44bdbb270c68ec7465561','2017-11-08 08:00:00','2017-11-08 08:00:00','UTC'),('95b2a5a880814bebaa2510abad1253d7','2016-12-11 05:09:09','2016-12-11 05:09:09',0,'27a393b5dfd447ea93db6d40e0a62e5f','2016-10-30 17:00:00','2016-10-30 12:00:00','America/Chicago'),('9657d7f3b55d495eacb0edb4cc4c42d6','2017-10-27 17:11:34','2017-10-27 17:11:34',0,'27a393b5dfd447ea93db6d40e0a62e5f','2017-10-26 17:00:00','2017-10-26 12:00:00','America/Chicago'),('967418a3305f41f3ab6e21dfefc3c31f','2017-02-22 12:19:01','2017-02-22 12:19:01',0,'27a393b5dfd447ea93db6d40e0a62e5f','2017-02-20 18:00:00','2017-02-20 12:00:00','America/Chicago'),('969bf565700a42b6a95ddec486ab9f97','2016-12-11 05:10:37','2016-12-11 05:10:37',0,'27a393b5dfd447ea93db6d40e0a62e5f','2016-12-01 18:00:00','2016-12-01 12:00:00','America/Chicago'),('96a98793338a461cb184f77711257ad8','2017-12-23 04:41:08','2017-12-23 04:41:08',0,'3aa4e5df14c94682ac350772579b7f79','2017-12-23 04:41:08','2017-12-22 23:41:08','America/New_York'),('96adf31dda0e495ba05553ff2791a783','2016-12-23 15:47:41','2016-12-23 15:47:41',0,'27a393b5dfd447ea93db6d40e0a62e5f','2016-12-22 18:00:00','2016-12-22 12:00:00','America/Chicago'),('96fa6f1d5c9d4425b1202fd5671cb403','2016-12-11 05:09:51','2016-12-11 05:09:51',0,'27a393b5dfd447ea93db6d40e0a62e5f','2016-11-13 18:00:00','2016-11-13 12:00:00','America/Chicago'),('9717392ca90e42e1a7440cde9ddadb6e','2016-12-11 05:08:43','2016-12-11 05:08:43',0,'27a393b5dfd447ea93db6d40e0a62e5f','2016-10-21 17:00:00','2016-10-21 12:00:00','America/Chicago'),('976cfb5c964a4fa0b74a7f291b58df47','2018-01-13 17:16:03','2018-01-13 17:16:14',1,'cf51344a52f44bdbb270c68ec7465561','2018-01-13 09:00:00','2018-01-13 09:00:00','UTC'),('97f93c4cc96f4ecab53702b5967972ea','2017-01-12 13:25:56','2017-01-12 13:25:56',0,'27a393b5dfd447ea93db6d40e0a62e5f','2017-01-11 18:00:00','2017-01-11 12:00:00','America/Chicago'),('98386b109d354840aeec574934fe6226','2017-06-26 17:26:42','2017-06-26 17:26:57',1,'4e903bd6267b48598ec4b333a2de8682','2017-06-26 08:05:00','2017-06-26 08:05:00','UTC'),('985fb7c72d454992a199b03ef95ef225','2017-10-22 16:05:34','2017-10-22 16:05:34',0,'27a393b5dfd447ea93db6d40e0a62e5f','2017-10-21 17:00:00','2017-10-21 12:00:00','America/Chicago'),('99413f8d313746eba4e1b95dad40a9d2','2017-11-05 15:33:18','2017-11-05 15:33:18',0,'27a393b5dfd447ea93db6d40e0a62e5f','2017-11-02 17:00:00','2017-11-02 12:00:00','America/Chicago'),('995d55c59f2b4d839fc000622ab02a4c','2017-09-12 00:12:08','2017-09-12 00:12:19',1,'cf51344a52f44bdbb270c68ec7465561','2017-09-08 07:40:00','2017-09-08 07:40:00','UTC'),('99725ea661344d1fb3b803b1097498ae','2017-01-15 04:24:36','2017-01-15 04:24:36',0,'27a393b5dfd447ea93db6d40e0a62e5f','2017-01-13 18:00:00','2017-01-13 12:00:00','America/Chicago'),('99d63f6788584ae09f73806a0c3465fb','2017-05-12 21:33:03','2017-05-12 21:33:03',0,'27a393b5dfd447ea93db6d40e0a62e5f','2017-05-09 17:00:00','2017-05-09 12:00:00','America/Chicago'),('99fa76aaf8d347749801a1c0a2a6754b','2017-04-03 03:19:09','2017-04-03 03:19:09',0,'dc65929db1ea4458a103d5a84d08da8f','2017-03-09 18:00:00','2017-03-09 12:00:00','America/Chicago'),('9a6ed46bceca4790b248f196482825ed','2018-01-16 16:47:19','2018-01-16 16:47:19',0,'27a393b5dfd447ea93db6d40e0a62e5f','2018-01-14 18:00:00','2018-01-14 12:00:00','America/Chicago'),('9aadb657667b441a8eb4e7e8121185b9','2017-12-09 19:04:55','2017-12-09 19:04:55',0,'27a393b5dfd447ea93db6d40e0a62e5f','2017-12-08 18:00:00','2017-12-08 12:00:00','America/Chicago'),('9ad943741286435e9376caaf29791cb1','2018-05-15 11:10:32','2018-05-15 11:10:32',0,'27a393b5dfd447ea93db6d40e0a62e5f','2018-05-13 17:00:00','2018-05-13 12:00:00','America/Chicago'),('9bb21ce3bb58410986114066ebe4a17b','2017-03-21 11:36:00','2017-03-21 11:36:00',0,'27a393b5dfd447ea93db6d40e0a62e5f','2017-03-16 17:00:00','2017-03-16 12:00:00','America/Chicago'),('9bbd1b39619c46a58a6011865bd73906','2017-12-23 03:45:51','2017-12-23 03:45:51',0,'27a393b5dfd447ea93db6d40e0a62e5f','2017-12-20 17:00:00','2017-12-20 12:00:00','America/New_York'),('9c04516ff19c494e8c8c7985c25872ab','2016-12-11 05:09:42','2016-12-11 05:09:42',0,'27a393b5dfd447ea93db6d40e0a62e5f','2016-11-10 18:00:00','2016-11-10 12:00:00','America/Chicago'),('9c2223e9e88a411bb673dc93a2e17b96','2016-12-20 00:40:14','2016-12-20 00:40:14',0,'c4496f78f77a45429ac6c33d3686dc77','2016-12-20 00:40:14','2016-12-19 18:40:14','America/Chicago'),('9c519aa8b87c4bf596dfc6d6d84f7d99','2017-04-17 15:47:42','2017-04-17 15:47:42',0,'3aa4e5df14c94682ac350772579b7f79','2017-04-11 17:00:00','2017-04-11 12:00:00','America/Chicago'),('9c929367ba404e5099c8db23d72c9b03','2018-01-21 04:53:27','2018-01-21 04:53:27',0,'3aa4e5df14c94682ac350772579b7f79','2018-01-21 04:53:27','2018-01-20 22:53:27','America/Chicago'),('9c9d721602b3492c8b5d5abfbc38b71e','2017-08-07 15:11:18','2017-08-07 15:11:27',1,'cf51344a52f44bdbb270c68ec7465561','2017-08-02 07:00:00','2017-08-02 07:00:00','UTC'),('9cb4c18eda614f68abeb4b5eac046184','2017-12-27 03:37:20','2017-12-27 03:37:55',1,'cf51344a52f44bdbb270c68ec7465561','2017-12-18 08:16:00','2017-12-18 08:16:00','UTC'),('9cf3ffaa84d846eb82ea6a809de13699','2017-09-06 03:26:18','2017-09-06 03:26:18',0,'3aa4e5df14c94682ac350772579b7f79','2017-09-06 03:26:18','2017-09-05 22:26:18','America/Chicago'),('9d4dfff130a541ed8c196f049e95e05b','2017-11-07 14:35:55','2017-11-07 14:36:06',1,'3aa4e5df14c94682ac350772579b7f79','2017-11-06 09:30:00','2017-11-06 09:30:00','UTC'),('9d714ef713804c8e9a22e6c903ed8b87','2017-02-14 00:28:27','2017-02-14 00:28:27',0,'0f74f38571ea4f3c884b39e2b3e22a67','2017-02-10 18:00:00','2017-02-10 12:00:00','America/Chicago'),('9dca6c3326bb4d529596bf4db05ac48a','2017-08-16 00:08:43','2017-08-16 00:08:56',1,'3aa4e5df14c94682ac350772579b7f79','2017-08-14 22:00:00','2017-08-14 22:00:00','UTC'),('9dd36520e5c3494e8b993d51a67c5951','2017-07-18 03:03:39','2017-07-18 03:03:58',1,'5cf00a73de074b8688b13c453f637496','2017-07-17 21:30:00','2017-07-17 21:30:00','UTC'),('9e1ae668b43a467ab68bafa8d41018d7','2017-06-05 12:27:30','2017-06-05 12:27:30',0,'27a393b5dfd447ea93db6d40e0a62e5f','2017-06-02 17:00:00','2017-06-02 12:00:00','America/Chicago'),('9e684b7733c84f4c96d790952b46bd9b','2016-12-31 16:00:31','2016-12-31 16:00:31',0,'27a393b5dfd447ea93db6d40e0a62e5f','2016-12-30 18:00:00','2016-12-30 12:00:00','America/Chicago'),('9e96ec6b000540359a0d307894c805da','2017-07-23 20:04:31','2017-07-23 20:04:31',0,'3aa4e5df14c94682ac350772579b7f79','2017-07-23 20:04:31','2017-07-23 15:04:31','America/Chicago'),('9efbbaf20aef4054b6d391a03db31111','2017-10-16 13:21:20','2017-10-16 13:21:31',1,'3aa4e5df14c94682ac350772579b7f79','2017-10-13 09:00:00','2017-10-13 09:00:00','UTC'),('9f86ab30bc5449779d66b8e8bd63914e','2017-02-14 00:29:13','2017-02-14 00:29:13',0,'c4496f78f77a45429ac6c33d3686dc77','2017-02-07 18:00:00','2017-02-07 12:00:00','America/Chicago'),('9f8901183a9b458b9b763c5b60b93306','2017-06-12 15:31:07','2017-06-12 15:31:13',1,'00fbaffc802644f08ecdeb4d1d7758a4','2017-06-09 15:00:00','2017-06-09 15:00:00','UTC'),('a0233e277458416ea74951ff5a8baef9','2017-01-19 04:38:25','2017-01-19 04:38:25',0,'690d46112e1a448e92c4a4bdf98414af','2017-01-14 18:00:00','2017-01-14 12:00:00','America/Chicago'),('a06f4dfc67b94bfab659d8ec87fb6835','2018-05-09 11:36:40','2018-05-09 11:36:40',0,'221e5bf196734262a3e1b736598c1090','2018-05-08 17:00:00','2018-05-08 12:00:00','America/Chicago'),('a06fffd6ba5e4bde9527b78baba17942','2018-05-04 14:24:35','2018-05-04 14:24:35',0,'221e5bf196734262a3e1b736598c1090','2018-05-03 17:00:00','2018-05-03 12:00:00','America/Chicago'),('a071726a599d49458cf55a812d92356b','2017-03-24 15:10:44','2017-03-24 15:10:56',1,'3aa4e5df14c94682ac350772579b7f79','2017-03-24 09:45:00','2017-03-24 09:45:00','UTC'),('a0d228cfe2624701adf9a0921de4ce56','2018-01-30 04:00:52','2018-01-30 04:00:52',0,'cf51344a52f44bdbb270c68ec7465561','2018-01-22 18:00:00','2018-01-22 12:00:00','America/Chicago'),('a0edb9c13daa452d9c5bf11603ccfd77','2018-05-05 21:45:52','2018-05-05 21:45:52',0,'0feee5b266ab446ba696066aafd4b05b','2018-05-05 17:00:00','2018-05-05 12:00:00','America/Chicago'),('a154aafc32e44efdaf0625c1c211ffe6','2017-06-12 15:30:23','2017-06-12 15:30:27',1,'3aa4e5df14c94682ac350772579b7f79','2017-06-10 21:00:00','2017-06-10 21:00:00','UTC'),('a1b43b5b76194adb9a7a507d8dfc2ab0','2017-08-25 12:08:34','2017-08-25 12:08:34',0,'cf51344a52f44bdbb270c68ec7465561','2017-08-25 12:08:34','2017-08-25 07:08:34','America/Chicago'),('a2897f52d66341db9697bb2596534e37','2017-05-29 21:40:47','2017-05-29 21:40:47',0,'27a393b5dfd447ea93db6d40e0a62e5f','2017-05-27 17:00:00','2017-05-27 12:00:00','America/Chicago'),('a2d636fe1ee549adbed2a681803ceae7','2017-11-27 14:02:16','2017-11-27 14:02:16',0,'27a393b5dfd447ea93db6d40e0a62e5f','2017-11-20 18:00:00','2017-11-20 12:00:00','America/Chicago'),('a30567c3468b43a5838ecdc159deb4c0','2017-03-27 13:41:03','2017-03-27 13:41:03',0,'27a393b5dfd447ea93db6d40e0a62e5f','2017-03-25 17:00:00','2017-03-25 12:00:00','America/Chicago'),('a38356301f12460e975b6391943697b6','2016-12-29 18:24:01','2016-12-29 18:24:01',0,'cf51344a52f44bdbb270c68ec7465561','2016-12-29 18:00:00','2016-12-29 12:00:00','America/Chicago'),('a3a168e6697141e99b6b164099239e98','2016-12-23 15:47:58','2016-12-23 15:47:58',0,'cf51344a52f44bdbb270c68ec7465561','2016-12-22 18:00:00','2016-12-22 12:00:00','America/Chicago'),('a410829544154a8cb9c3ece83a0159c3','2018-05-15 11:12:30','2018-05-15 11:12:30',0,'0feee5b266ab446ba696066aafd4b05b','2018-05-14 17:00:00','2018-05-14 12:00:00','America/Chicago'),('a44caded0fd94eb88eae4b8b2273c628','2016-12-11 05:09:12','2016-12-11 05:09:12',0,'27a393b5dfd447ea93db6d40e0a62e5f','2016-10-31 17:00:00','2016-10-31 12:00:00','America/Chicago'),('a463654bb2184d67a00f3f803a9066fb','2018-01-30 04:00:55','2018-01-30 04:00:55',0,'cf51344a52f44bdbb270c68ec7465561','2018-01-29 18:00:00','2018-01-29 12:00:00','America/Chicago'),('a4a3b4d5fbdd45449d6080a9655dabd8','2017-03-12 04:31:42','2017-03-12 04:31:42',0,'27a393b5dfd447ea93db6d40e0a62e5f','2017-03-10 18:00:00','2017-03-10 12:00:00','America/Chicago'),('a4bd8d4d88924a0a86fe962e5f67a3f6','2017-04-03 03:19:38','2017-04-03 03:19:38',0,'27a393b5dfd447ea93db6d40e0a62e5f','2017-04-02 17:00:00','2017-04-02 12:00:00','America/Chicago'),('a5efd6d4c2194802ba947b5e041389a4','2017-09-29 13:03:09','2017-09-29 13:03:16',1,'cf51344a52f44bdbb270c68ec7465561','2017-09-23 10:00:00','2017-09-23 10:00:00','UTC'),('a6d5c41df11544ca8c76e18034dea622','2017-01-22 13:09:20','2017-01-22 13:09:20',0,'cf51344a52f44bdbb270c68ec7465561','2017-01-17 18:00:00','2017-01-17 12:00:00','America/Chicago'),('a7cba679a35f4927bd6f3672a503c7eb','2017-04-10 13:48:24','2017-04-10 13:48:24',0,'27a393b5dfd447ea93db6d40e0a62e5f','2017-04-08 17:00:00','2017-04-08 12:00:00','America/Chicago'),('a8a6fddb66cf4387a56f83d35bb05c07','2018-05-09 11:36:25','2018-05-09 11:36:25',0,'27a393b5dfd447ea93db6d40e0a62e5f','2018-05-07 17:00:00','2018-05-07 12:00:00','America/Chicago'),('a8ff2b99e3df4f6ba59c2bab525f8f5a','2017-11-27 14:02:24','2017-11-27 14:02:24',0,'27a393b5dfd447ea93db6d40e0a62e5f','2017-11-24 18:00:00','2017-11-24 12:00:00','America/Chicago'),('a91a7cfa68a34f02acde7c2a725c3830','2017-10-21 12:37:53','2017-10-21 12:37:53',0,'27a393b5dfd447ea93db6d40e0a62e5f','2017-10-19 17:00:00','2017-10-19 12:00:00','America/Chicago'),('a9a8a7cbd5aa402aac012f4aeb003dac','2017-10-16 16:31:06','2017-10-16 16:31:14',1,'cf51344a52f44bdbb270c68ec7465561','2017-10-13 07:40:00','2017-10-13 07:40:00','UTC'),('aa0477a3d2404ca89677b65e76e33ad1','2017-02-28 16:26:59','2017-02-28 16:26:59',0,'27a393b5dfd447ea93db6d40e0a62e5f','2017-02-27 18:00:00','2017-02-27 12:00:00','America/Chicago'),('aa1802a750a740648f9748af87567c0d','2017-08-30 21:40:49','2017-08-30 21:40:59',1,'cf51344a52f44bdbb270c68ec7465561','2017-08-30 07:40:00','2017-08-30 07:40:00','UTC'),('aa53f80143f24af9921b83da72a889fa','2017-12-04 15:52:18','2017-12-04 15:52:18',0,'27a393b5dfd447ea93db6d40e0a62e5f','2017-12-02 18:00:00','2017-12-02 12:00:00','America/Chicago'),('ab48b683a1c74ba891cadd2d1519bc19','2017-02-03 12:44:18','2017-02-03 12:44:18',0,'cf51344a52f44bdbb270c68ec7465561','2017-02-02 18:00:00','2017-02-02 12:00:00','America/Chicago'),('ab7f0363b5104ff78d39a2171aeb4af0','2017-01-04 13:12:36','2017-01-04 13:12:36',0,'690d46112e1a448e92c4a4bdf98414af','2017-01-04 13:12:36','2017-01-04 07:12:36','America/Chicago'),('abe11e93fc2f426585306418d1605fe2','2016-12-30 16:39:14','2016-12-30 16:39:14',0,'690d46112e1a448e92c4a4bdf98414af','2016-12-30 16:39:14','2016-12-30 10:39:14','America/Chicago'),('abffb061509249e4a65dee593018c891','2016-12-11 05:08:06','2016-12-11 05:08:06',0,'27a393b5dfd447ea93db6d40e0a62e5f','2016-10-09 17:00:00','2016-10-09 12:00:00','America/Chicago'),('ac2b6f5907cc4f839c5c442b78dd4dfc','2017-11-17 14:00:34','2017-11-17 14:00:34',0,'cf51344a52f44bdbb270c68ec7465561','2017-11-17 14:00:34','2017-11-17 08:00:34','America/Chicago'),('ac3d9782f34c497dbd278b4d86ed98eb','2017-08-01 19:04:36','2017-08-01 19:04:46',1,'3aa4e5df14c94682ac350772579b7f79','2017-07-31 22:00:00','2017-07-31 22:00:00','UTC'),('ad2fa31992e44b1a9fab93ddb705c126','2017-02-14 00:28:58','2017-02-14 00:28:58',0,'c4496f78f77a45429ac6c33d3686dc77','2017-02-13 18:00:00','2017-02-13 12:00:00','America/Chicago'),('ad6ac2b5ccd04d86b5351dff51efd047','2017-08-26 16:15:38','2017-08-26 16:17:08',1,'3aa4e5df14c94682ac350772579b7f79','2017-08-26 10:50:00','2017-08-26 10:50:00','UTC'),('ada3197b778e46f6b0f5595d19aae060','2018-05-04 14:23:12','2018-05-04 14:23:12',0,'27a393b5dfd447ea93db6d40e0a62e5f','2018-05-02 17:00:00','2018-05-02 12:00:00','America/Chicago'),('aecabadf0dab4d5ea65ef83d055e396f','2017-11-08 23:16:10','2017-11-08 23:16:10',0,'27a393b5dfd447ea93db6d40e0a62e5f','2017-11-07 18:00:00','2017-11-07 12:00:00','America/Chicago'),('aefd222bda5b44bb99750bc15704ca8f','2017-10-27 17:11:33','2017-10-27 17:11:33',0,'27a393b5dfd447ea93db6d40e0a62e5f','2017-10-25 17:00:00','2017-10-25 12:00:00','America/Chicago'),('aeff516c67c34afeb6c8be1ed45da4cb','2017-10-16 13:21:56','2017-10-21 12:40:11',2,'3924c9190d4f4982aed18c88b2264522','2017-10-17 08:00:00','2017-10-17 08:00:00','UTC'),('afa36ff63c7f4b9d81bbed182057c523','2017-04-30 23:30:58','2017-04-30 23:31:17',1,'cf51344a52f44bdbb270c68ec7465561','2017-04-26 07:30:00','2017-04-26 07:30:00','UTC'),('afba85bde429421897e9529fec36f4da','2017-05-29 21:40:58','2017-05-29 21:41:17',1,'cf51344a52f44bdbb270c68ec7465561','2017-05-29 08:15:00','2017-05-29 08:15:00','UTC'),('b01f2dceb7a640cd90a3dba962146fe6','2017-06-18 12:33:22','2017-06-18 12:33:34',1,'3aa4e5df14c94682ac350772579b7f79','2017-06-17 21:30:00','2017-06-17 21:30:00','UTC'),('b132543515af42e7b9d577bc21b43c1a','2017-04-17 15:46:32','2017-04-17 15:46:32',0,'27a393b5dfd447ea93db6d40e0a62e5f','2017-04-16 17:00:00','2017-04-16 12:00:00','America/Chicago'),('b1f5c5efb01c4a8e9cfdea2f149c1b3d','2018-01-01 16:11:09','2018-01-01 16:11:09',0,'27a393b5dfd447ea93db6d40e0a62e5f','2017-12-31 18:00:00','2017-12-31 12:00:00','America/Chicago'),('b2218a3efa6a46a6ba77a8fae0153c8d','2017-02-20 15:09:23','2017-02-20 15:09:23',0,'27a393b5dfd447ea93db6d40e0a62e5f','2017-02-19 18:00:00','2017-02-19 12:00:00','America/Chicago'),('b22c498b99d9462cbe09695d40c8ff08','2017-01-26 12:11:30','2017-01-26 12:11:30',0,'27a393b5dfd447ea93db6d40e0a62e5f','2017-01-25 18:00:00','2017-01-25 12:00:00','America/Chicago'),('b265365354a24c33b9a01f5c19838f85','2017-12-01 18:12:04','2017-12-01 18:12:04',0,'27a393b5dfd447ea93db6d40e0a62e5f','2017-11-27 18:00:00','2017-11-27 12:00:00','America/Chicago'),('b29f24af1f3a4be886516c20709228db','2016-12-11 05:08:50','2016-12-11 05:08:50',0,'27a393b5dfd447ea93db6d40e0a62e5f','2016-10-23 17:00:00','2016-10-23 12:00:00','America/Chicago'),('b2c7fa76c8084360a5071dff960673f0','2018-01-16 16:47:18','2018-01-16 16:47:18',0,'27a393b5dfd447ea93db6d40e0a62e5f','2018-01-13 18:00:00','2018-01-13 12:00:00','America/Chicago'),('b2e847cac42944c8a4d1a9c76189cf6a','2016-12-24 15:44:16','2016-12-24 15:44:16',0,'cf51344a52f44bdbb270c68ec7465561','2016-12-24 18:00:00','2016-12-24 12:00:00','America/Chicago'),('b2f93fa63a7c49e5bacf3bb248b73633','2017-12-27 03:36:43','2017-12-27 03:36:43',0,'27a393b5dfd447ea93db6d40e0a62e5f','2017-12-23 17:00:00','2017-12-23 12:00:00','America/New_York'),('b357b48dd11e4133bb05cc08194fc9a6','2017-04-30 23:31:36','2017-04-30 23:31:53',1,'3aa4e5df14c94682ac350772579b7f79','2017-04-27 09:00:00','2017-04-27 09:00:00','UTC'),('b3bb198d470d487795df1333c3dc9920','2017-03-04 15:42:21','2017-03-04 15:42:21',0,'27a393b5dfd447ea93db6d40e0a62e5f','2017-03-03 18:00:00','2017-03-03 12:00:00','America/Chicago'),('b4477fbc3c6b4419b69b176b5bd3c60d','2017-07-24 12:11:59','2017-07-24 12:11:59',0,'cf51344a52f44bdbb270c68ec7465561','2017-07-24 12:11:59','2017-07-24 07:11:59','America/Chicago'),('b4652b95c41248c4a0ea6a5e4d665982','2017-06-07 13:59:15','2017-06-07 13:59:15',0,'27a393b5dfd447ea93db6d40e0a62e5f','2017-06-06 17:00:00','2017-06-06 12:00:00','America/Chicago'),('b4764a009ed0466a927aaae7f58a56cb','2017-12-09 00:41:39','2017-12-09 00:41:39',0,'27a393b5dfd447ea93db6d40e0a62e5f','2017-12-07 18:00:00','2017-12-07 12:00:00','America/Chicago'),('b4d84aa67b50453b891505c0db6f3fe2','2017-10-27 17:11:57','2017-10-27 17:12:10',1,'cf51344a52f44bdbb270c68ec7465561','2017-10-27 08:30:00','2017-10-27 08:30:00','UTC'),('b55ea77f7dd146d6add6af57eb6c9011','2017-02-27 23:34:21','2017-02-27 23:34:21',0,'27a393b5dfd447ea93db6d40e0a62e5f','2017-02-26 18:00:00','2017-02-26 12:00:00','America/Chicago'),('b5cf11103726407ca06fef284d350022','2018-01-26 04:26:32','2018-01-26 04:26:32',0,'3aa4e5df14c94682ac350772579b7f79','2018-01-26 04:26:32','2018-01-25 22:26:32','America/Chicago'),('b63e009b41884354a715dc9470e7dea6','2017-07-10 00:00:40','2017-07-10 00:00:52',1,'3aa4e5df14c94682ac350772579b7f79','2017-07-09 18:30:00','2017-07-09 18:30:00','UTC'),('b63efaffefe34a898189ed4511267599','2017-12-23 03:45:49','2017-12-23 03:45:49',0,'27a393b5dfd447ea93db6d40e0a62e5f','2017-12-19 17:00:00','2017-12-19 12:00:00','America/New_York'),('b6ae67e151444c3c8675d68c2940d7a3','2016-12-11 05:08:21','2016-12-11 05:08:21',0,'27a393b5dfd447ea93db6d40e0a62e5f','2016-10-14 17:00:00','2016-10-14 12:00:00','America/Chicago'),('b6e4a71bb3174fed84e53504bc7260e4','2017-06-01 14:38:18','2017-06-01 14:38:54',1,'cf51344a52f44bdbb270c68ec7465561','2017-05-31 08:00:00','2017-05-31 08:00:00','UTC'),('b7736f0075cb41feb583d19e603b44fa','2017-03-27 13:41:13','2017-03-27 13:41:59',1,'cf51344a52f44bdbb270c68ec7465561','2017-03-24 07:30:00','2017-03-24 07:30:00','UTC'),('b793c75941e840dc8c7a5dc2e81b07ca','2016-12-11 05:09:40','2016-12-11 05:09:40',0,'27a393b5dfd447ea93db6d40e0a62e5f','2016-11-09 18:00:00','2016-11-09 12:00:00','America/Chicago'),('b8113c2c501c4e14a1b759feb44b989a','2017-01-02 13:20:50','2017-01-02 13:20:50',0,'cf51344a52f44bdbb270c68ec7465561','2016-12-31 18:00:00','2016-12-31 12:00:00','America/Chicago'),('b963403df7cf4c34b0b7c3a5ba9c6e34','2016-12-28 20:15:34','2016-12-28 20:15:34',0,'690d46112e1a448e92c4a4bdf98414af','2016-12-28 20:15:34','2016-12-28 14:15:34','America/Chicago'),('b9c9c42025094714b06b16fb291c74dd','2017-04-10 13:48:22','2017-04-10 13:48:22',0,'27a393b5dfd447ea93db6d40e0a62e5f','2017-04-07 17:00:00','2017-04-07 12:00:00','America/Chicago'),('baea5e844a174ea09194b30b0914f356','2018-02-17 17:42:19','2018-02-17 17:42:19',0,'a4724501a2c845b0b4b648f83402b549','2018-02-17 17:42:19','2018-02-17 11:42:19','America/Chicago'),('bafa58f16155475f958bc7fb6df3af22','2017-02-11 02:14:42','2017-02-11 02:14:42',0,'27a393b5dfd447ea93db6d40e0a62e5f','2017-02-07 18:00:00','2017-02-07 12:00:00','America/Chicago'),('bb507194774b4e5da0c880cc11755afb','2017-12-11 13:36:25','2017-12-11 13:36:25',0,'27a393b5dfd447ea93db6d40e0a62e5f','2017-12-09 18:00:00','2017-12-09 12:00:00','America/Chicago'),('bb77f2af8a954461913a90d3d2028156','2016-12-11 05:08:34','2016-12-11 05:08:34',0,'27a393b5dfd447ea93db6d40e0a62e5f','2016-10-18 17:00:00','2016-10-18 12:00:00','America/Chicago'),('bc24f780d5514eddb077ece02d3c027e','2017-01-12 15:59:57','2017-01-12 15:59:57',0,'c4496f78f77a45429ac6c33d3686dc77','2017-01-12 15:59:57','2017-01-12 09:59:57','America/Chicago'),('bcee8ea9c82e459fb2c7b7a9ff3ad004','2017-03-04 15:42:19','2017-03-04 15:42:19',0,'27a393b5dfd447ea93db6d40e0a62e5f','2017-03-02 18:00:00','2017-03-02 12:00:00','America/Chicago'),('bd91044f8d724657be91eb2cdf91af49','2018-05-11 13:16:40','2018-05-11 13:16:40',0,'27a393b5dfd447ea93db6d40e0a62e5f','2018-05-10 17:00:00','2018-05-10 12:00:00','America/Chicago'),('bda1f41d5a9e487382467f9a8c5bae74','2017-10-21 12:39:56','2017-10-21 12:40:02',1,'3924c9190d4f4982aed18c88b2264522','2017-10-03 08:00:00','2017-10-03 08:00:00','UTC'),('bdbfc5f2705c48b1bd61ebdb71f42cc0','2017-05-05 21:34:26','2017-05-05 21:34:39',1,'3aa4e5df14c94682ac350772579b7f79','2017-05-05 13:15:00','2017-05-05 13:15:00','UTC'),('bdfb10acdb484ee5a2b506bf25346104','2016-12-11 05:07:42','2016-12-11 05:07:42',0,'27a393b5dfd447ea93db6d40e0a62e5f','2016-10-01 17:00:00','2016-10-01 12:00:00','America/Chicago'),('beadef0218fc43d495411dc33f9404e9','2016-12-18 15:03:24','2016-12-18 15:03:37',1,'cf51344a52f44bdbb270c68ec7465561','2016-12-17 08:30:00','2016-12-17 08:30:00','UTC'),('bedb0cf301cf48bab1246c01cede7e18','2016-12-11 05:08:31','2016-12-11 05:08:31',0,'27a393b5dfd447ea93db6d40e0a62e5f','2016-10-17 17:00:00','2016-10-17 12:00:00','America/Chicago'),('bf486e936ed54d18aef279fad844eaa9','2017-05-19 14:36:03','2017-05-19 14:36:13',1,'cf51344a52f44bdbb270c68ec7465561','2017-05-19 07:30:00','2017-05-19 07:30:00','UTC'),('bf681b4c632f4c0fbe3f6ad637fece91','2018-05-09 11:37:33','2018-05-09 11:37:33',0,'9b977f6c481d4a058380283be1d24422','2018-05-06 17:00:00','2018-05-06 12:00:00','America/Chicago'),('bf810dcb583348b5a3702c6ab6a41811','2017-11-27 14:02:06','2017-11-27 14:02:06',0,'cf51344a52f44bdbb270c68ec7465561','2017-11-27 14:02:06','2017-11-27 08:02:06','America/Chicago'),('c00f10a077564759adc40ce5b105315f','2016-12-11 05:10:12','2016-12-11 05:10:12',0,'27a393b5dfd447ea93db6d40e0a62e5f','2016-11-22 18:00:00','2016-11-22 12:00:00','America/Chicago'),('c073f85f600b4512adb83dc69a0f6c90','2017-01-05 13:14:47','2017-01-05 13:14:47',0,'27a393b5dfd447ea93db6d40e0a62e5f','2017-01-04 18:00:00','2017-01-04 12:00:00','America/Chicago'),('c19a1c0105b24b5b8b5a35b94391ce86','2016-12-11 05:09:26','2016-12-11 05:09:26',0,'27a393b5dfd447ea93db6d40e0a62e5f','2016-11-04 17:00:00','2016-11-04 12:00:00','America/Chicago'),('c26adc2496114374a8fb09471c090adc','2017-07-01 16:13:05','2017-07-01 16:13:25',1,'3aa4e5df14c94682ac350772579b7f79','2017-07-01 10:42:00','2017-07-01 10:42:00','UTC'),('c2a216460df8405da3f6c37688af60a4','2017-04-17 15:46:26','2017-04-17 15:46:26',0,'27a393b5dfd447ea93db6d40e0a62e5f','2017-04-12 17:00:00','2017-04-12 12:00:00','America/Chicago'),('c2ebafa0bcc74604858fd4115e365dad','2017-10-31 02:46:04','2017-10-31 02:46:15',1,'00fbaffc802644f08ecdeb4d1d7758a4','2017-10-28 07:30:00','2017-10-28 07:30:00','UTC'),('c2fe4e82aacf41f682a0c4c745f7cb85','2018-01-01 16:10:06','2018-01-01 16:10:23',1,'3aa4e5df14c94682ac350772579b7f79','2017-12-30 22:30:00','2017-12-30 22:30:00','UTC'),('c347e05ed40c48e7a6accd20f21c507b','2017-09-29 20:49:08','2017-09-29 20:49:25',1,'3aa4e5df14c94682ac350772579b7f79','2017-09-29 12:40:00','2017-09-29 12:40:00','UTC'),('c3521492b60547848da583804c336461','2018-01-01 16:11:07','2018-01-01 16:11:07',0,'27a393b5dfd447ea93db6d40e0a62e5f','2017-12-30 18:00:00','2017-12-30 12:00:00','America/Chicago'),('c412929cf36740478044d403a6d90bd9','2016-12-11 05:07:48','2016-12-11 05:07:48',0,'27a393b5dfd447ea93db6d40e0a62e5f','2016-10-03 17:00:00','2016-10-03 12:00:00','America/Chicago'),('c4a3627aa1b949fe9067175d51f68b34','2017-01-22 13:09:21','2017-01-22 13:09:21',0,'cf51344a52f44bdbb270c68ec7465561','2017-01-19 18:00:00','2017-01-19 12:00:00','America/Chicago'),('c4a9851bf2044fc084aae56f69cc4c71','2016-12-27 13:21:29','2016-12-27 13:21:29',0,'27a393b5dfd447ea93db6d40e0a62e5f','2016-12-26 18:00:00','2016-12-26 12:00:00','America/Chicago'),('c4ac6d6e15794e32b21b4edac08af65b','2017-04-10 13:51:03','2017-04-10 13:51:12',1,'9b977f6c481d4a058380283be1d24422','2017-04-07 19:00:00','2017-04-07 19:00:00','UTC'),('c4c533a5885540919d3c55b7d0115a02','2017-04-17 15:46:30','2017-04-17 15:46:30',0,'27a393b5dfd447ea93db6d40e0a62e5f','2017-04-15 17:00:00','2017-04-15 12:00:00','America/Chicago'),('c526af61517143cc9f13869bea780ddc','2017-11-03 02:37:13','2017-11-03 02:37:13',0,'27a393b5dfd447ea93db6d40e0a62e5f','2017-11-01 17:00:00','2017-11-01 12:00:00','America/Chicago'),('c53792e78e43411b977107440d269ca9','2018-01-30 04:00:53','2018-01-30 04:00:53',0,'cf51344a52f44bdbb270c68ec7465561','2018-01-26 18:00:00','2018-01-26 12:00:00','America/Chicago'),('c53940bc92b74b9b9ab8515d42f38648','2017-10-25 13:42:28','2017-10-25 13:42:28',0,'27a393b5dfd447ea93db6d40e0a62e5f','2017-10-24 17:00:00','2017-10-24 12:00:00','America/Chicago'),('c56336a1b1eb4bf7b5f5440bf35b5784','2017-11-03 02:37:10','2017-11-03 02:37:10',0,'27a393b5dfd447ea93db6d40e0a62e5f','2017-10-30 17:00:00','2017-10-30 12:00:00','America/Chicago'),('c5837af5c74641d0b3c6864e3ee7b45c','2017-07-09 16:20:49','2017-07-09 16:21:13',1,'3aa4e5df14c94682ac350772579b7f79','2017-07-08 20:30:00','2017-07-08 20:30:00','UTC'),('c5dcbb15027249b1bb0aba81719c196c','2017-05-19 14:35:54','2017-05-19 14:35:54',0,'27a393b5dfd447ea93db6d40e0a62e5f','2017-05-18 17:00:00','2017-05-18 12:00:00','America/Chicago'),('c64da66e1a47450e861e5962ad7f7a72','2017-02-18 02:46:22','2017-02-18 02:46:22',0,'9b977f6c481d4a058380283be1d24422','2017-02-18 02:46:22','2017-02-17 20:46:22','America/Chicago'),('c6a151b00671422ba9db25e9dbc8137f','2018-01-16 16:47:13','2018-01-16 16:47:13',0,'27a393b5dfd447ea93db6d40e0a62e5f','2018-01-10 18:00:00','2018-01-10 12:00:00','America/Chicago'),('c7d9d5333f664ef7a8bbac90263e1643','2017-03-10 02:48:41','2017-03-10 02:48:41',0,'27a393b5dfd447ea93db6d40e0a62e5f','2017-03-08 18:00:00','2017-03-08 12:00:00','America/Chicago'),('c7f80a41b94f4e8c83dae87f70ebb142','2017-03-31 15:03:11','2017-03-31 15:03:11',0,'27a393b5dfd447ea93db6d40e0a62e5f','2017-03-29 17:00:00','2017-03-29 12:00:00','America/Chicago'),('c7f9ef0b36104f079c038d9efd053d26','2017-05-16 13:58:24','2017-05-16 13:58:38',1,'cf51344a52f44bdbb270c68ec7465561','2017-05-15 07:25:00','2017-05-15 07:25:00','UTC'),('c810d9cf6c974cd0b02d5b11e92fee3e','2017-08-10 23:12:36','2017-08-10 23:12:51',1,'3aa4e5df14c94682ac350772579b7f79','2017-08-10 15:20:00','2017-08-10 15:20:00','UTC'),('c896b2c1b3e2463e8b5a467185a9c67a','2017-08-14 18:38:17','2017-08-14 18:38:25',1,'3aa4e5df14c94682ac350772579b7f79','2017-08-13 23:00:00','2017-08-13 23:00:00','UTC'),('c93cb9f9f34f462e85edf58217c8cc69','2017-12-09 00:41:45','2017-12-09 00:41:56',1,'cf51344a52f44bdbb270c68ec7465561','2017-12-08 08:00:00','2017-12-08 08:00:00','UTC'),('c9748fadea0d4c34bb0f1a270c367f87','2016-12-11 05:08:12','2016-12-11 05:08:12',0,'27a393b5dfd447ea93db6d40e0a62e5f','2016-10-11 17:00:00','2016-10-11 12:00:00','America/Chicago'),('c99e31a318d54176b825b7837d2a2bcc','2017-01-22 13:09:03','2017-01-22 13:09:03',0,'27a393b5dfd447ea93db6d40e0a62e5f','2017-01-20 18:00:00','2017-01-20 12:00:00','America/Chicago'),('c9ea42fa90954c0291223e239f0bd778','2017-03-21 11:36:03','2017-03-21 11:36:03',0,'27a393b5dfd447ea93db6d40e0a62e5f','2017-03-18 17:00:00','2017-03-18 12:00:00','America/Chicago'),('ca5a7ef30e144efc9f666c4ab47e313b','2017-12-11 13:36:27','2017-12-11 13:36:27',0,'27a393b5dfd447ea93db6d40e0a62e5f','2017-12-10 18:00:00','2017-12-10 12:00:00','America/Chicago'),('caa0c740de6649b99bee8c1dfa7e25e7','2017-01-02 13:20:33','2017-01-02 13:20:33',0,'27a393b5dfd447ea93db6d40e0a62e5f','2017-01-01 18:00:00','2017-01-01 12:00:00','America/Chicago'),('caa1d2eae23e484d87f24e0499468d54','2017-07-14 13:23:05','2017-07-14 13:23:28',1,'3aa4e5df14c94682ac350772579b7f79','2017-07-13 20:25:00','2017-07-13 20:25:00','UTC'),('cac1d9ab37c6488aa87e36cd61eca7d1','2017-02-11 02:14:37','2017-02-11 02:14:37',0,'27a393b5dfd447ea93db6d40e0a62e5f','2017-02-05 18:00:00','2017-02-05 12:00:00','America/Chicago'),('cad724de54e146ccab845ce2c5c827d6','2017-01-25 22:05:21','2017-01-25 22:05:21',0,'c4496f78f77a45429ac6c33d3686dc77','2017-01-21 18:00:00','2017-01-21 12:00:00','America/Chicago'),('caf82209568e45ab973ab429b36adca1','2017-11-27 20:42:48','2017-11-27 20:42:56',1,'3924c9190d4f4982aed18c88b2264522','2017-11-14 08:00:00','2017-11-14 08:00:00','UTC'),('cb5f6dc851ce445ea6ce1a39a43f5a0a','2017-10-13 11:30:46','2017-10-13 11:30:46',0,'0f74f38571ea4f3c884b39e2b3e22a67','2017-10-13 11:30:46','2017-10-13 06:30:46','America/Chicago'),('cb98b6463b2c4c02847569a8f890a815','2016-12-11 05:10:03','2016-12-11 05:10:03',0,'27a393b5dfd447ea93db6d40e0a62e5f','2016-11-18 18:00:00','2016-11-18 12:00:00','America/Chicago'),('cc3f297bde0a42a1b9f34f560c892fc2','2018-02-07 15:10:26','2018-02-07 15:10:36',1,'3aa4e5df14c94682ac350772579b7f79','2018-02-06 21:45:00','2018-02-06 21:45:00','UTC'),('ce30091fb17a426c98a3a1f9853a49d0','2016-12-19 23:42:44','2016-12-19 23:42:44',0,'27a393b5dfd447ea93db6d40e0a62e5f','2016-12-18 18:00:00','2016-12-18 12:00:00','America/Chicago'),('ceb7be8764ae47f3abf135789880faf9','2017-12-18 01:54:20','2017-12-18 01:54:20',0,'27a393b5dfd447ea93db6d40e0a62e5f','2017-12-16 18:00:00','2017-12-16 12:00:00','America/Chicago'),('cef22704356049d684b43161c674c559','2018-05-11 13:16:38','2018-05-11 13:16:38',0,'27a393b5dfd447ea93db6d40e0a62e5f','2018-05-09 17:00:00','2018-05-09 12:00:00','America/Chicago'),('cf0e00bc761447279df0aedf7d6fac67','2017-09-29 13:02:44','2017-09-29 13:03:02',1,'cf51344a52f44bdbb270c68ec7465561','2017-09-18 08:00:00','2017-09-18 08:00:00','UTC'),('cf0e3856bb434a6ba2847497bcd8d73c','2017-02-18 14:01:09','2017-02-18 14:01:09',0,'27a393b5dfd447ea93db6d40e0a62e5f','2017-02-17 18:00:00','2017-02-17 12:00:00','America/Chicago'),('cf5503297d1c4ee0b17d3e512c78c02e','2017-05-08 14:03:01','2017-05-08 14:03:01',0,'27a393b5dfd447ea93db6d40e0a62e5f','2017-05-05 17:00:00','2017-05-05 12:00:00','America/Chicago'),('cf713b13b07841e9bf0f38c651d0d8fe','2018-05-09 11:36:23','2018-05-09 11:36:23',0,'27a393b5dfd447ea93db6d40e0a62e5f','2018-05-06 17:00:00','2018-05-06 12:00:00','America/Chicago'),('cfb00f80046c4c54bf09d1ba3a8ac9dd','2017-06-15 14:44:06','2017-06-15 14:44:23',1,'cf51344a52f44bdbb270c68ec7465561','2017-06-14 07:10:00','2017-06-14 07:10:00','UTC'),('cfb45e33c1ec4da68a10a65531e6582a','2017-05-08 14:03:13','2017-05-08 14:03:24',1,'cf51344a52f44bdbb270c68ec7465561','2017-05-08 07:30:00','2017-05-08 07:30:00','UTC'),('d1485b2f69704c0dad10166087537263','2017-02-26 00:28:48','2017-02-26 00:28:48',0,'27a393b5dfd447ea93db6d40e0a62e5f','2017-02-24 18:00:00','2017-02-24 12:00:00','America/Chicago'),('d18ebed447484dc589a088503b30d319','2017-04-24 12:02:38','2017-04-24 12:03:14',1,'3aa4e5df14c94682ac350772579b7f79','2017-04-23 21:45:00','2017-04-23 21:45:00','UTC'),('d19bab8d290549f8b65826027d9c66f9','2016-12-09 03:49:38','2016-12-09 03:49:38',0,'c4496f78f77a45429ac6c33d3686dc77','2016-12-02 18:00:00','2016-12-02 12:00:00','America/Chicago'),('d36226f19dc442999f93202d458858ea','2017-11-05 15:33:21','2017-11-05 15:33:21',0,'27a393b5dfd447ea93db6d40e0a62e5f','2017-11-04 17:00:00','2017-11-04 12:00:00','America/Chicago'),('d3a713a0459b4bfbb6b38f453c884f62','2018-01-05 04:19:03','2018-01-05 04:19:03',0,'3aa4e5df14c94682ac350772579b7f79','2018-01-01 18:00:00','2018-01-01 12:00:00','America/Chicago'),('d3c56b6213b04889bf1754a8c3edb67b','2017-01-12 16:00:11','2017-01-12 16:00:11',0,'c4496f78f77a45429ac6c33d3686dc77','2017-01-09 18:00:00','2017-01-09 12:00:00','America/Chicago'),('d3dd7edab3444409a1481fd33002b48c','2017-01-25 22:05:32','2017-01-25 22:05:32',0,'c4496f78f77a45429ac6c33d3686dc77','2017-01-20 18:00:00','2017-01-20 12:00:00','America/Chicago'),('d44e502e36f74c11b3e164cdf272be30','2017-12-27 03:36:54','2017-12-27 03:36:54',0,'27a393b5dfd447ea93db6d40e0a62e5f','2017-12-26 17:00:00','2017-12-26 12:00:00','America/New_York'),('d4ad66bf8266479ab08d4efe88000055','2016-12-26 14:44:01','2016-12-26 14:44:01',0,'27a393b5dfd447ea93db6d40e0a62e5f','2016-12-25 18:00:00','2016-12-25 12:00:00','America/Chicago'),('d4c35be7cb3f447e8e0f19a2f4e05f01','2016-12-11 05:10:47','2016-12-11 05:10:47',0,'27a393b5dfd447ea93db6d40e0a62e5f','2016-12-05 18:00:00','2016-12-05 12:00:00','America/Chicago'),('d542d0585fac4aa3aae29aa7759dbd36','2017-03-23 11:42:56','2017-03-23 11:42:56',0,'27a393b5dfd447ea93db6d40e0a62e5f','2017-03-22 17:00:00','2017-03-22 12:00:00','America/Chicago'),('d5e01b1ddf714d069879abd5c13b6ec7','2018-05-15 11:12:21','2018-05-15 11:12:21',0,'0feee5b266ab446ba696066aafd4b05b','2018-05-06 17:00:00','2018-05-06 12:00:00','America/Chicago'),('d6b8c50f49694a86ba712f0fd3c1a64c','2016-12-11 05:09:23','2016-12-11 05:09:23',0,'27a393b5dfd447ea93db6d40e0a62e5f','2016-11-03 17:00:00','2016-11-03 12:00:00','America/Chicago'),('d6cc3adeec3d438cb2030d28ed376e28','2017-06-02 20:16:01','2017-06-02 20:16:17',1,'cf51344a52f44bdbb270c68ec7465561','2017-06-02 07:40:00','2017-06-02 07:40:00','UTC'),('d7b479d7b4144e739037d2b316e35d46','2017-03-01 14:41:39','2017-03-01 14:41:39',0,'00fbaffc802644f08ecdeb4d1d7758a4','2017-02-28 18:00:00','2017-02-28 12:00:00','America/Chicago'),('d7de4aeac87340e4a9bccb322e6b9aea','2017-02-11 02:14:46','2017-02-11 02:14:46',0,'27a393b5dfd447ea93db6d40e0a62e5f','2017-02-09 18:00:00','2017-02-09 12:00:00','America/Chicago'),('d846acbec1af407b8f323db493188e64','2018-01-16 16:47:02','2018-01-16 16:47:02',0,'27a393b5dfd447ea93db6d40e0a62e5f','2018-01-03 18:00:00','2018-01-03 12:00:00','America/Chicago'),('d8a3eee539734356b2ad2fffc96e0b85','2017-05-16 13:58:46','2017-05-16 13:59:02',1,'3aa4e5df14c94682ac350772579b7f79','2017-05-15 21:40:00','2017-05-15 21:40:00','UTC'),('d8c7481cf27e42afa59d0d1f0bd83bde','2017-03-06 14:50:18','2017-03-06 14:50:18',0,'27a393b5dfd447ea93db6d40e0a62e5f','2017-03-04 18:00:00','2017-03-04 12:00:00','America/Chicago'),('d8dba108ad8d4e8ea961afd24f61b808','2017-09-29 13:02:33','2017-09-29 13:02:33',0,'cf51344a52f44bdbb270c68ec7465561','2017-09-29 13:02:33','2017-09-29 08:02:33','America/Chicago'),('d92803e84b064b0c849fddd10a4a5654','2017-05-12 21:33:01','2017-05-12 21:33:01',0,'27a393b5dfd447ea93db6d40e0a62e5f','2017-05-08 17:00:00','2017-05-08 12:00:00','America/Chicago'),('d9484112d80f41539ce8432a5e2f020b','2017-03-08 12:18:37','2017-03-08 12:18:37',0,'27a393b5dfd447ea93db6d40e0a62e5f','2017-03-06 18:00:00','2017-03-06 12:00:00','America/Chicago'),('d9aabff07f0946c882b7e45403697e5d','2017-06-01 14:38:09','2017-06-01 14:38:09',0,'27a393b5dfd447ea93db6d40e0a62e5f','2017-05-30 17:00:00','2017-05-30 12:00:00','America/Chicago'),('da09b15697cb4b63a542c099c3225d2a','2018-05-05 21:46:35','2018-05-05 21:46:35',0,'cf51344a52f44bdbb270c68ec7465561','2018-05-05 21:46:35','2018-05-05 16:46:35','America/Chicago'),('da11b0bb12b24acbbb8b13dd63d57541','2017-12-10 00:45:59','2017-12-10 00:45:59',0,'0f74f38571ea4f3c884b39e2b3e22a67','2017-12-10 00:45:59','2017-12-09 18:45:59','America/Chicago'),('da17f3e622334937afc7fa9a262efa7d','2017-11-13 15:32:21','2017-11-13 15:32:21',0,'27a393b5dfd447ea93db6d40e0a62e5f','2017-11-08 18:00:00','2017-11-08 12:00:00','America/Chicago'),('daa289b306ab4ca89a4b16a9d0e92c9d','2017-09-03 14:05:48','2017-09-03 14:05:53',1,'3aa4e5df14c94682ac350772579b7f79','2017-09-02 22:00:00','2017-09-02 22:00:00','UTC'),('daa54408190e4c578112ba7ae9e5b54f','2017-10-31 02:44:32','2017-10-31 02:44:32',0,'27a393b5dfd447ea93db6d40e0a62e5f','2017-10-27 17:00:00','2017-10-27 12:00:00','America/Chicago'),('db4304f78b6648ee891c0651e08404f3','2017-07-23 20:04:41','2017-07-23 20:04:57',1,'00fbaffc802644f08ecdeb4d1d7758a4','2017-07-22 08:30:00','2017-07-22 08:30:00','UTC'),('db54cbeb46db46e581f11cfc8d621f0a','2016-12-11 05:08:03','2016-12-11 05:08:03',0,'27a393b5dfd447ea93db6d40e0a62e5f','2016-10-08 17:00:00','2016-10-08 12:00:00','America/Chicago'),('dbaee3340ee54532b0195706dbb8329d','2017-12-11 22:48:02','2017-12-11 22:48:19',1,'3aa4e5df14c94682ac350772579b7f79','2017-12-11 10:30:00','2017-12-11 10:30:00','UTC'),('dc21009bb8a045f3b87f2285cfb28f83','2017-11-28 13:57:32','2017-11-28 13:57:32',0,'0f74f38571ea4f3c884b39e2b3e22a67','2017-11-28 18:00:00','2017-11-28 12:00:00','America/Chicago'),('dc73c173026344d7b331357b475a8f5c','2017-12-09 00:41:36','2017-12-09 00:41:36',0,'27a393b5dfd447ea93db6d40e0a62e5f','2017-12-05 18:00:00','2017-12-05 12:00:00','America/Chicago'),('dd264b67b7f84253a0cd5f9024b0f631','2017-10-18 11:19:42','2017-10-18 11:19:53',1,'3aa4e5df14c94682ac350772579b7f79','2017-10-17 15:40:00','2017-10-17 15:40:00','UTC'),('dd2d56b21c7a4d119dcbd3ebab538d7c','2017-04-25 21:19:30','2017-04-25 21:19:41',1,'cf51344a52f44bdbb270c68ec7465561','2017-04-24 08:15:00','2017-04-24 08:15:00','UTC'),('deac2d0304f6476ea314932647a19093','2017-12-04 15:51:02','2017-12-04 15:51:11',1,'cf51344a52f44bdbb270c68ec7465561','2017-12-04 08:15:00','2017-12-04 08:15:00','UTC'),('decbec3b197a4a3cbf46552bcc232bc2','2017-02-11 02:14:35','2017-02-11 02:14:35',0,'27a393b5dfd447ea93db6d40e0a62e5f','2017-02-04 18:00:00','2017-02-04 12:00:00','America/Chicago'),('df51d693748f48368b0a55c88a1e8abf','2017-10-21 12:38:06','2017-10-21 12:38:06',0,'9b977f6c481d4a058380283be1d24422','2017-10-20 17:00:00','2017-10-20 12:00:00','America/Chicago'),('df9b1f85fc6e420d88f8f68c3a44cc8c','2018-01-31 18:42:01','2018-01-31 18:42:08',1,'00fbaffc802644f08ecdeb4d1d7758a4','2018-01-20 08:00:00','2018-01-20 08:00:00','UTC'),('dfbb142a71fb4321ba7fcee0cb63ea78','2017-01-12 16:00:09','2017-01-12 16:00:09',0,'c4496f78f77a45429ac6c33d3686dc77','2017-01-10 18:00:00','2017-01-10 12:00:00','America/Chicago'),('e053b1a421214b129383581fea76217b','2017-05-26 17:04:24','2017-05-26 17:04:33',1,'cf51344a52f44bdbb270c68ec7465561','2017-05-26 08:15:00','2017-05-26 08:15:00','UTC'),('e0758e79312340ac8cb709f4a56e47ba','2016-12-11 05:08:09','2016-12-11 05:08:09',0,'27a393b5dfd447ea93db6d40e0a62e5f','2016-10-10 17:00:00','2016-10-10 12:00:00','America/Chicago'),('e0c4bd95ef95435a9248fbc2ec11c8a3','2017-11-27 14:02:26','2017-11-27 14:02:26',0,'27a393b5dfd447ea93db6d40e0a62e5f','2017-11-25 18:00:00','2017-11-25 12:00:00','America/Chicago'),('e12d4f2ec1d742a7ad4193bdadc28a34','2016-12-15 15:02:00','2016-12-15 15:02:13',1,'cf51344a52f44bdbb270c68ec7465561','2016-12-15 08:10:00','2016-12-15 08:10:00','UTC'),('e1c98e72b411474cbbce133df463716b','2017-05-12 21:33:07','2017-05-12 21:33:07',0,'27a393b5dfd447ea93db6d40e0a62e5f','2017-05-11 17:00:00','2017-05-11 12:00:00','America/Chicago'),('e1d26aa6e96f4c16ac99cb4dd5770d70','2017-01-22 13:08:58','2017-01-22 13:08:58',0,'27a393b5dfd447ea93db6d40e0a62e5f','2017-01-17 18:00:00','2017-01-17 12:00:00','America/Chicago'),('e1f4b32c00ba48e1a4fb1af3e0c17561','2018-05-15 11:11:59','2018-05-15 11:11:59',0,'221e5bf196734262a3e1b736598c1090','2018-05-14 17:00:00','2018-05-14 12:00:00','America/Chicago'),('e235b2848e8a44eead6525e643e018ed','2018-05-05 21:45:47','2018-05-05 21:45:47',0,'0feee5b266ab446ba696066aafd4b05b','2018-05-04 17:00:00','2018-05-04 12:00:00','America/Chicago'),('e2465eb64940416eb79aed38ed149148','2018-05-09 11:36:54','2018-05-09 11:36:54',0,'cf51344a52f44bdbb270c68ec7465561','2018-05-07 17:00:00','2018-05-07 12:00:00','America/Chicago'),('e25b175e7b374f7ebb85fd81b88acecb','2018-02-16 14:21:49','2018-02-16 14:21:49',0,'cf51344a52f44bdbb270c68ec7465561','2018-02-16 14:21:49','2018-02-16 08:21:49','America/Chicago'),('e2a571f1fc914e269710fc2463cc4476','2016-12-11 05:10:49','2016-12-11 05:10:49',0,'27a393b5dfd447ea93db6d40e0a62e5f','2016-12-06 18:00:00','2016-12-06 12:00:00','America/Chicago'),('e2caf1c68bfe465c973de7d875dd6781','2017-04-30 23:30:48','2017-04-30 23:30:48',0,'27a393b5dfd447ea93db6d40e0a62e5f','2017-04-27 17:00:00','2017-04-27 12:00:00','America/Chicago'),('e31dfdfffda941f4ac9666d0680db045','2017-04-30 23:30:45','2017-04-30 23:30:45',0,'27a393b5dfd447ea93db6d40e0a62e5f','2017-04-25 17:00:00','2017-04-25 12:00:00','America/Chicago'),('e3b09a158f9b4c90b83a5d3da234b38b','2018-03-13 17:04:59','2018-03-13 17:05:08',1,'cf51344a52f44bdbb270c68ec7465561','2018-02-20 16:50:00','2018-02-20 16:50:00','UTC'),('e49658b66d86490dbfc360ee8a0b3866','2017-12-14 23:58:43','2017-12-14 23:58:43',0,'27a393b5dfd447ea93db6d40e0a62e5f','2017-12-12 18:00:00','2017-12-12 12:00:00','America/Chicago'),('e4aeb7f3e7eb4ca6b3e3c3926be3782f','2017-03-06 14:50:32','2017-03-06 14:50:32',0,'cf51344a52f44bdbb270c68ec7465561','2017-03-04 18:00:00','2017-03-04 12:00:00','America/Chicago'),('e4f060fcd3ff4967ba82aecd247da7f9','2017-08-07 15:11:10','2017-08-07 15:11:10',0,'cf51344a52f44bdbb270c68ec7465561','2017-08-07 15:11:10','2017-08-07 09:11:10','America/Denver'),('e50d1c45f38e4ddeaebdfcf955c7d312','2017-03-31 15:03:13','2017-03-31 15:03:13',0,'27a393b5dfd447ea93db6d40e0a62e5f','2017-03-30 17:00:00','2017-03-30 12:00:00','America/Chicago'),('e5135edfe1224a01b081969483fd75b0','2017-05-19 18:36:38','2017-05-19 18:36:45',1,'3aa4e5df14c94682ac350772579b7f79','2017-05-19 12:36:00','2017-05-19 12:36:00','UTC'),('e5f76dec20314167a7f9b47e0dc68d2f','2017-03-27 13:41:15','2017-03-27 13:41:31',2,'cf51344a52f44bdbb270c68ec7465561','2017-03-27 07:30:00','2017-03-27 07:30:00','UTC'),('e6612aa9e33c4628af3f9bba2fdeb9c2','2016-12-11 05:10:52','2016-12-11 05:10:52',0,'27a393b5dfd447ea93db6d40e0a62e5f','2016-12-07 18:00:00','2016-12-07 12:00:00','America/Chicago'),('e6d83f8742224e90b15cc2d22fd89a7d','2017-05-04 11:48:19','2017-05-04 11:48:19',0,'27a393b5dfd447ea93db6d40e0a62e5f','2017-04-30 17:00:00','2017-04-30 12:00:00','America/Chicago'),('e6e964fad21941f0b45e1201ca0dbb0b','2018-01-13 17:15:43','2018-01-13 17:15:50',1,'cf51344a52f44bdbb270c68ec7465561','2018-01-08 09:00:00','2018-01-08 09:00:00','UTC'),('e7a8a59ec3fe4572b3a39ff80838ece5','2017-10-21 12:37:54','2017-10-21 12:37:54',0,'27a393b5dfd447ea93db6d40e0a62e5f','2017-10-20 17:00:00','2017-10-20 12:00:00','America/Chicago'),('e7bad1de201640b2becda8f5776f8431','2016-12-11 05:09:34','2016-12-11 05:09:34',0,'27a393b5dfd447ea93db6d40e0a62e5f','2016-11-07 18:00:00','2016-11-07 12:00:00','America/Chicago'),('e83372fcdd864c99a02f750e108c325e','2017-12-01 18:07:47','2017-12-01 18:08:01',1,'3aa4e5df14c94682ac350772579b7f79','2017-12-01 10:45:00','2017-12-01 10:45:00','UTC'),('e944b705ff6949c29c3ffbd469ace915','2018-04-19 13:56:32','2018-04-19 13:56:42',1,'3aa4e5df14c94682ac350772579b7f79','2018-04-18 10:30:00','2018-04-18 10:30:00','UTC'),('e9f317aad4b44bfba424cf12792aff90','2017-12-14 23:58:45','2017-12-14 23:58:45',0,'27a393b5dfd447ea93db6d40e0a62e5f','2017-12-13 18:00:00','2017-12-13 12:00:00','America/Chicago'),('ea2f5f05f17948a3af2813f7ddc7c43c','2017-05-16 13:58:15','2017-05-16 13:58:15',0,'27a393b5dfd447ea93db6d40e0a62e5f','2017-05-14 17:00:00','2017-05-14 12:00:00','America/Chicago'),('eac2b2551e5041398db2641d4f284bdf','2017-01-19 04:38:12','2017-01-19 04:38:12',0,'690d46112e1a448e92c4a4bdf98414af','2017-01-19 04:38:12','2017-01-18 22:38:12','America/Chicago'),('eaded13351f34aeca4dfa8193a448fbb','2017-06-15 14:44:40','2017-06-15 14:44:40',0,'27a393b5dfd447ea93db6d40e0a62e5f','2017-06-13 17:00:00','2017-06-13 12:00:00','America/Chicago'),('eb2d3fea5a284fbbb5cc9345fc4b663f','2016-12-11 05:09:04','2016-12-11 05:09:04',0,'27a393b5dfd447ea93db6d40e0a62e5f','2016-10-28 17:00:00','2016-10-28 12:00:00','America/Chicago'),('eb4c73d0a54044feb2609582b89a1754','2018-01-16 16:47:00','2018-01-16 16:47:00',0,'27a393b5dfd447ea93db6d40e0a62e5f','2018-01-02 18:00:00','2018-01-02 12:00:00','America/Chicago'),('eb7bca09c6e14b0abd9b9b938e58713b','2017-06-21 01:10:59','2017-06-21 01:11:31',2,'5cf00a73de074b8688b13c453f637496','2017-06-19 20:10:00','2017-06-19 20:10:00','UTC'),('ebb468088b5c4e5c8eecb5e313667172','2018-05-05 21:46:05','2018-05-05 21:46:05',0,'27a393b5dfd447ea93db6d40e0a62e5f','2018-05-04 17:00:00','2018-05-04 12:00:00','America/Chicago'),('ebdabd4f3fe0433389ce7cb4903de05e','2017-10-31 02:44:12','2017-10-31 02:44:23',1,'cf51344a52f44bdbb270c68ec7465561','2017-10-30 08:00:00','2017-10-30 08:00:00','UTC'),('ebefdec0ae514ba29a611e68064ba3ea','2017-04-21 13:48:46','2017-04-21 13:49:01',1,'cf51344a52f44bdbb270c68ec7465561','2017-04-21 07:20:00','2017-04-21 07:20:00','UTC'),('ebf0b3bb04d3498687012def3b6879d0','2018-01-16 16:46:24','2018-01-16 16:46:34',1,'3aa4e5df14c94682ac350772579b7f79','2018-01-15 10:30:00','2018-01-15 10:30:00','UTC'),('ec075af1afc04b7b8161810bd34b2028','2018-01-16 16:47:11','2018-01-16 16:47:11',0,'27a393b5dfd447ea93db6d40e0a62e5f','2018-01-09 18:00:00','2018-01-09 12:00:00','America/Chicago'),('ec43285537594b6581f86b30e17fdd8c','2016-12-13 18:34:14','2016-12-13 18:34:29',1,'cf51344a52f44bdbb270c68ec7465561','2016-12-13 08:30:00','2016-12-13 08:30:00','UTC'),('ec5810f4e2164c338d845500bdd9c2cc','2018-05-09 11:36:38','2018-05-09 11:36:38',0,'221e5bf196734262a3e1b736598c1090','2018-05-07 17:00:00','2018-05-07 12:00:00','America/Chicago'),('ec5c83da481643b884aa267d45c00e0f','2017-08-30 21:40:37','2017-08-30 21:40:47',1,'cf51344a52f44bdbb270c68ec7465561','2017-08-28 07:40:00','2017-08-28 07:40:00','UTC'),('ecb05845da5947448d53a573e1a8562d','2017-12-29 04:13:08','2017-12-29 04:14:11',2,'3aa4e5df14c94682ac350772579b7f79','2017-12-28 22:50:00','2017-12-28 22:50:00','UTC'),('ecd6497142a743f98ba2c7524937b317','2017-05-24 00:11:04','2017-05-24 00:11:04',0,'27a393b5dfd447ea93db6d40e0a62e5f','2017-05-22 17:00:00','2017-05-22 12:00:00','America/Chicago'),('ecd94659fa6c492f81e0216fa25d5662','2016-12-21 13:36:27','2016-12-21 13:36:27',0,'27a393b5dfd447ea93db6d40e0a62e5f','2016-12-19 18:00:00','2016-12-19 12:00:00','America/Chicago'),('ed0386476f82498880e0d00e7ce78bff','2017-04-20 11:38:11','2017-04-20 11:38:18',1,'cf96c823a6f641e79fe841b8025c9589','2017-04-18 21:00:00','2017-04-18 21:00:00','UTC'),('ed1ef4008c59472793ae520bb5164e41','2017-10-31 02:44:35','2017-10-31 02:44:35',0,'27a393b5dfd447ea93db6d40e0a62e5f','2017-10-29 17:00:00','2017-10-29 12:00:00','America/Chicago'),('ed46d4b37c414d09880e58fc44054330','2017-03-21 11:38:02','2017-03-21 11:38:17',1,'cf51344a52f44bdbb270c68ec7465561','2017-03-16 07:30:00','2017-03-16 07:30:00','UTC'),('edb0ef34497e4761b48e9250a7067df2','2017-05-23 12:21:54','2017-05-23 12:21:54',0,'0f74f38571ea4f3c884b39e2b3e22a67','2017-05-21 17:00:00','2017-05-21 12:00:00','America/Chicago'),('edf457f6b18c410baf15ae84a289f6ef','2017-06-05 12:27:39','2017-06-05 12:27:48',1,'cf51344a52f44bdbb270c68ec7465561','2017-06-05 07:00:00','2017-06-05 07:00:00','UTC'),('ee71fb45c3544cac973ec2867041e11d','2018-05-05 21:46:20','2018-05-05 21:46:20',0,'221e5bf196734262a3e1b736598c1090','2018-05-05 17:00:00','2018-05-05 12:00:00','America/Chicago'),('ee7af59158c442d9bbe836532b76d4c3','2017-04-25 11:17:27','2017-04-25 11:17:27',0,'27a393b5dfd447ea93db6d40e0a62e5f','2017-04-23 17:00:00','2017-04-23 12:00:00','America/Chicago'),('ef8fc904df8948c88c26ccf66af1e490','2017-02-28 16:27:10','2017-02-28 16:27:20',1,'3aa4e5df14c94682ac350772579b7f79','2017-02-27 21:30:00','2017-02-27 21:30:00','UTC'),('efaa29eb4ffd4c239023722fc4f2bae6','2017-04-17 15:46:43','2017-04-17 15:46:43',0,'cf51344a52f44bdbb270c68ec7465561','2017-04-17 17:00:00','2017-04-17 12:00:00','America/Chicago'),('efad45ece00b465faf4afb272c006bd9','2018-01-16 16:47:03','2018-01-16 16:47:03',0,'27a393b5dfd447ea93db6d40e0a62e5f','2018-01-04 18:00:00','2018-01-04 12:00:00','America/Chicago'),('f025b945f64c4b768c3f9beb32ef8b2b','2017-05-29 21:40:49','2017-05-29 21:40:49',0,'27a393b5dfd447ea93db6d40e0a62e5f','2017-05-28 17:00:00','2017-05-28 12:00:00','America/Chicago'),('f05c7519544b44ab98af0384c5786f08','2016-12-14 14:46:19','2016-12-14 14:46:19',0,'27a393b5dfd447ea93db6d40e0a62e5f','2016-12-13 18:00:00','2016-12-13 12:00:00','America/Chicago'),('f062b61d47b840eab0368e07d46c9938','2017-10-31 02:44:34','2017-10-31 02:44:34',0,'27a393b5dfd447ea93db6d40e0a62e5f','2017-10-28 17:00:00','2017-10-28 12:00:00','America/Chicago'),('f119ad8600b241bda03a5da59a917ce6','2017-12-01 18:12:06','2017-12-01 18:12:06',0,'27a393b5dfd447ea93db6d40e0a62e5f','2017-11-28 18:00:00','2017-11-28 12:00:00','America/Chicago'),('f225f6cda57e428ca5e99dbc291ff8f1','2017-07-03 12:19:30','2017-07-03 12:19:30',0,'cf51344a52f44bdbb270c68ec7465561','2017-07-03 12:19:30','2017-07-03 07:19:30','America/Chicago'),('f28c920b7552435592682739d6d4be56','2017-02-27 23:34:19','2017-02-27 23:34:19',0,'27a393b5dfd447ea93db6d40e0a62e5f','2017-02-25 18:00:00','2017-02-25 12:00:00','America/Chicago'),('f3ad1f79356e4e4ca7b4df37002adcbb','2017-01-31 15:06:12','2017-01-31 15:06:12',0,'27a393b5dfd447ea93db6d40e0a62e5f','2017-01-29 18:00:00','2017-01-29 12:00:00','America/Chicago'),('f3baa8a4cf124547980db339cc940873','2018-03-16 14:59:43','2018-03-16 14:59:55',1,'cf51344a52f44bdbb270c68ec7465561','2018-03-16 08:30:00','2018-03-16 08:30:00','UTC'),('f3f03faf7b86440d8a758327f1eec59a','2017-06-28 12:06:19','2017-06-28 12:06:19',0,'cf51344a52f44bdbb270c68ec7465561','2017-06-28 12:06:19','2017-06-28 07:06:19','America/Chicago'),('f3f420bec816485f9c150d7bff820bf1','2018-03-25 04:10:33','2018-03-25 04:10:55',1,'3aa4e5df14c94682ac350772579b7f79','2018-03-24 22:45:00','2018-03-24 22:45:00','UTC'),('f42aba89793d467ba2bada8a7db1dd3f','2017-10-31 02:44:51','2017-10-31 02:45:10',1,'3aa4e5df14c94682ac350772579b7f79','2017-10-29 21:30:00','2017-10-29 21:30:00','UTC'),('f43cfeb3e0b140faa2c62a279e4d59c6','2016-12-11 05:10:00','2016-12-11 05:10:00',0,'27a393b5dfd447ea93db6d40e0a62e5f','2016-11-17 18:00:00','2016-11-17 12:00:00','America/Chicago'),('f45c0c4156f246e0b2f07aca2ffb033c','2017-11-24 14:03:12','2017-11-24 14:03:25',1,'cf51344a52f44bdbb270c68ec7465561','2017-11-21 10:30:00','2017-11-21 10:30:00','UTC'),('f5386afe648343048ac185e7201c3cfe','2017-09-11 14:35:08','2017-09-11 14:35:08',0,'3aa4e5df14c94682ac350772579b7f79','2017-09-11 14:35:08','2017-09-11 09:35:08','America/Chicago'),('f5e2985cbbc84f2cba784c804e475eb3','2017-04-30 23:30:47','2017-04-30 23:30:47',0,'27a393b5dfd447ea93db6d40e0a62e5f','2017-04-26 17:00:00','2017-04-26 12:00:00','America/Chicago'),('f644a188871a49dfbd0a571d0552e07d','2018-02-23 18:15:59','2018-02-23 18:16:16',1,'4e903bd6267b48598ec4b333a2de8682','2018-02-05 10:00:00','2018-02-05 10:00:00','UTC'),('f689ec83f0434720becf9d71517f5513','2016-12-27 18:43:36','2016-12-27 18:43:36',0,'690d46112e1a448e92c4a4bdf98414af','2016-12-27 18:43:36','2016-12-27 12:43:36','America/Chicago'),('f6aa2cd56c554ba58a910c88607dba41','2017-09-17 20:31:27','2017-09-17 20:31:27',0,'3aa4e5df14c94682ac350772579b7f79','2017-09-17 20:31:27','2017-09-17 15:31:27','America/Chicago'),('f6e05186a25d43909d443fb3d62b1860','2017-01-25 22:05:13','2017-01-25 22:05:13',0,'c4496f78f77a45429ac6c33d3686dc77','2017-01-23 18:00:00','2017-01-23 12:00:00','America/Chicago'),('f71df236e943423383ee00ec5f1a98cc','2018-05-15 11:12:37','2018-05-15 11:12:53',1,'cf51344a52f44bdbb270c68ec7465561','2018-05-14 08:30:00','2018-05-14 08:30:00','UTC'),('f724920fb74c49b386dafc7b3605e91f','2017-03-06 13:37:00','2017-03-06 13:37:00',0,'0f74f38571ea4f3c884b39e2b3e22a67','2017-03-06 13:37:00','2017-03-06 07:37:00','America/Chicago'),('f755b100975546c68e76b45795255eea','2017-02-24 17:21:41','2017-02-24 17:21:53',1,'3aa4e5df14c94682ac350772579b7f79','2017-02-24 10:45:00','2017-02-24 10:45:00','UTC'),('f77ef26ff6cd4604b9440dbb5c1e7d07','2017-04-02 20:44:37','2017-04-02 20:44:37',0,'27a393b5dfd447ea93db6d40e0a62e5f','2017-03-31 17:00:00','2017-03-31 12:00:00','America/Chicago'),('f79c27a503b9418aa1d6d91c54da3430','2017-03-23 11:42:55','2017-03-23 11:42:55',0,'27a393b5dfd447ea93db6d40e0a62e5f','2017-03-21 17:00:00','2017-03-21 12:00:00','America/Chicago'),('f82f1dcc4c904116a75bc0248329029b','2018-05-04 14:26:02','2018-05-04 14:26:02',0,'221e5bf196734262a3e1b736598c1090','2018-05-04 17:00:00','2018-05-04 12:00:00','America/Chicago'),('f856c7f70c204a589b14375f2aa72a33','2017-05-14 02:44:58','2017-05-14 02:45:09',1,'3aa4e5df14c94682ac350772579b7f79','2017-05-13 21:35:00','2017-05-13 21:35:00','UTC'),('fa033cd6c25f4073a0a38939a124d780','2017-01-25 22:05:28','2017-01-25 22:05:28',0,'c4496f78f77a45429ac6c33d3686dc77','2017-01-17 18:00:00','2017-01-17 12:00:00','America/Chicago'),('fa8c540009eb4153ad992e6c77dad1b4','2016-12-11 05:10:06','2016-12-11 05:10:06',0,'27a393b5dfd447ea93db6d40e0a62e5f','2016-11-19 18:00:00','2016-11-19 12:00:00','America/Chicago'),('fa982491d63d44ceaf7d0598814f24d5','2016-12-10 15:05:58','2016-12-10 15:05:58',0,'27a393b5dfd447ea93db6d40e0a62e5f','2016-12-09 18:00:00','2016-12-09 12:00:00','America/Chicago'),('fad6b8902d3940a096da9eb6fbd15be2','2017-11-27 14:02:20','2017-11-27 14:02:20',0,'27a393b5dfd447ea93db6d40e0a62e5f','2017-11-22 18:00:00','2017-11-22 12:00:00','America/Chicago'),('fb334c7ae03645f19e24657edded71fc','2017-11-05 15:33:20','2017-11-05 15:33:20',0,'27a393b5dfd447ea93db6d40e0a62e5f','2017-11-03 17:00:00','2017-11-03 12:00:00','America/Chicago'),('fb6972f8f6dc48a3a79ad2e5c9c0327e','2017-01-03 13:21:46','2017-01-03 13:21:46',0,'27a393b5dfd447ea93db6d40e0a62e5f','2017-01-02 18:00:00','2017-01-02 12:00:00','America/Chicago'),('fc0dcf67069b4b56ae21921a1b59bce5','2017-07-26 12:10:36','2017-07-26 12:10:36',0,'cf51344a52f44bdbb270c68ec7465561','2017-07-26 12:10:36','2017-07-26 07:10:36','America/Chicago'),('fc3eec9ab2044822936d404861eebd4e','2016-12-14 14:04:37','2016-12-14 14:04:37',0,'c4496f78f77a45429ac6c33d3686dc77','2016-12-14 18:00:00','2016-12-14 12:00:00','America/Chicago'),('fc8d2f68a27847d2af72a24429461cdf','2017-02-11 02:14:44','2017-02-11 02:14:44',0,'27a393b5dfd447ea93db6d40e0a62e5f','2017-02-08 18:00:00','2017-02-08 12:00:00','America/Chicago'),('fd2a5214947841b3bae26615e85be418','2018-01-13 17:15:52','2018-01-13 17:16:00',1,'cf51344a52f44bdbb270c68ec7465561','2018-01-11 09:00:00','2018-01-11 09:00:00','UTC'),('fd2cecb4542e454587838b2db3600e34','2017-02-12 22:30:00','2017-02-12 22:30:00',0,'27a393b5dfd447ea93db6d40e0a62e5f','2017-02-11 18:00:00','2017-02-11 12:00:00','America/Chicago'),('fd3e5ec6cbe24834bf6118e054b89d39','2017-04-20 11:37:25','2017-04-20 11:37:40',1,'cf51344a52f44bdbb270c68ec7465561','2017-04-19 07:20:00','2017-04-19 07:20:00','UTC'),('fd5f2a0c87f84c4ea3ee0a103226c61d','2017-11-20 23:23:30','2017-11-20 23:23:30',0,'27a393b5dfd447ea93db6d40e0a62e5f','2017-11-17 18:00:00','2017-11-17 12:00:00','America/Chicago'),('fd6947265ef0475690c61b96c9ca60ae','2016-12-23 15:48:40','2016-12-23 15:48:40',0,'c4496f78f77a45429ac6c33d3686dc77','2016-12-22 18:00:00','2016-12-22 12:00:00','America/Chicago'),('fdbbbc82058d4c3aa0a9b8bb986be899','2017-05-30 11:06:14','2017-05-30 11:06:14',0,'27a393b5dfd447ea93db6d40e0a62e5f','2017-05-29 17:00:00','2017-05-29 12:00:00','America/Chicago'),('fe488447fc514664afb52b40d0e8c1ac','2017-06-12 15:29:16','2017-06-12 15:29:16',0,'27a393b5dfd447ea93db6d40e0a62e5f','2017-06-09 17:00:00','2017-06-09 12:00:00','America/Chicago'),('fe5e48b58d254641adb4f7dceca1fe9b','2017-12-14 23:58:42','2017-12-14 23:58:42',0,'27a393b5dfd447ea93db6d40e0a62e5f','2017-12-11 18:00:00','2017-12-11 12:00:00','America/Chicago'),('fe69211fcd984a0aa301424069ce73a5','2017-10-31 02:45:14','2017-10-31 02:45:22',1,'3aa4e5df14c94682ac350772579b7f79','2017-10-30 21:00:00','2017-10-30 21:00:00','UTC'),('fe91b11961d242ac832519f7c957619f','2016-12-11 05:10:45','2016-12-11 05:10:45',0,'27a393b5dfd447ea93db6d40e0a62e5f','2016-12-04 18:00:00','2016-12-04 12:00:00','America/Chicago'),('fee96614e0ff4c9a9ce39c7dc371506a','2017-06-12 15:29:15','2017-06-12 15:29:15',0,'27a393b5dfd447ea93db6d40e0a62e5f','2017-06-08 17:00:00','2017-06-08 12:00:00','America/Chicago'),('ffd97ee4dd7d47468cff0c377e33cfaf','2017-05-12 21:33:25','2017-05-12 21:33:34',1,'cf51344a52f44bdbb270c68ec7465561','2017-05-12 07:30:00','2017-05-12 07:30:00','UTC');
/*!40000 ALTER TABLE `bean` ENABLE KEYS */;
UNLOCK TABLES;

--
-- Table structure for table `beanlet`
--

DROP TABLE IF EXISTS `beanlet`;
/*!40101 SET @saved_cs_client     = @@character_set_client */;
/*!40101 SET character_set_client = utf8 */;
CREATE TABLE `beanlet` (
  `id` char(32) NOT NULL,
  `date_created` datetime NOT NULL,
  `date_modified` datetime NOT NULL,
  `version` int(11) DEFAULT NULL,
  `user_id` char(32) NOT NULL,
  `name` varchar(255) NOT NULL,
  `date_last_logged` datetime DEFAULT NULL,
  `sort_order` int(11) NOT NULL,
  `bean_count` int(11) DEFAULT NULL,
  PRIMARY KEY (`id`),
  KEY `beanlet_usr_id_dt_lst_idx` (`user_id`,`sort_order`)
) ENGINE=InnoDB DEFAULT CHARSET=utf8;
/*!40101 SET character_set_client = @saved_cs_client */;

--
-- Dumping data for table `beanlet`
--

LOCK TABLES `beanlet` WRITE;
/*!40000 ALTER TABLE `beanlet` DISABLE KEYS */;
INSERT INTO `beanlet` VALUES ('00fbaffc802644f08ecdeb4d1d7758a4','2016-12-28 01:45:42','2018-02-23 18:12:42',31,'52f06c519e0f42dead1ba516bb82cca7','Temple','2018-01-20 08:00:00',10,13),('0f74f38571ea4f3c884b39e2b3e22a67','2017-01-07 17:44:21','2017-12-10 00:45:59',11,'d00ae4150090458eb1ebab71d9b7e522','New contacts','2017-12-09 18:45:59',7,10),('0feee5b266ab446ba696066aafd4b05b','2018-05-04 14:24:55','2018-05-15 11:12:30',15,'52f06c519e0f42dead1ba516bb82cca7','Journal ','2018-05-14 12:00:00',14,12),('221e5bf196734262a3e1b736598c1090','2018-05-04 14:24:28','2018-05-15 11:11:59',13,'52f06c519e0f42dead1ba516bb82cca7','Devotional','2018-05-15 06:11:49',13,13),('27a393b5dfd447ea93db6d40e0a62e5f','2016-12-10 15:05:47','2018-05-15 11:10:33',386,'52f06c519e0f42dead1ba516bb82cca7','Victories','2018-05-14 12:00:00',13,365),('3924c9190d4f4982aed18c88b2264522','2017-01-09 16:37:37','2018-02-23 18:12:42',22,'52f06c519e0f42dead1ba516bb82cca7','Jon','2017-11-14 08:00:00',8,6),('3aa4e5df14c94682ac350772579b7f79','2017-02-12 18:20:43','2018-04-28 15:56:17',212,'52f06c519e0f42dead1ba516bb82cca7','Release','2018-04-20 11:00:00',11,116),('3bb0e9bf0cc54c66963af5ae58043963','2018-02-23 18:11:51','2018-02-23 18:12:42',5,'52f06c519e0f42dead1ba516bb82cca7','Fertilized grass','2018-02-21 18:30:00',3,1),('4e903bd6267b48598ec4b333a2de8682','2017-06-26 17:26:39','2018-02-23 18:16:16',8,'52f06c519e0f42dead1ba516bb82cca7','Oil change (Kia)','2018-02-05 10:00:00',2,2),('5cf00a73de074b8688b13c453f637496','2017-06-21 01:10:57','2018-02-23 18:12:42',9,'52f06c519e0f42dead1ba516bb82cca7','Oiled bike chain','2017-10-21 12:00:00',6,3),('690d46112e1a448e92c4a4bdf98414af','2016-12-26 17:22:20','2017-12-10 00:45:43',10,'d00ae4150090458eb1ebab71d9b7e522','Allergy pill','2017-12-09 18:45:43',5,10),('8559dcc4e0f14c259e986c6b31ae7c66','2018-02-23 18:12:32','2018-03-15 13:39:56',2,'52f06c519e0f42dead1ba516bb82cca7','Sprayed weeds','2018-03-14 12:00:00',1,1),('9443c29aa1d147cb9fd5af4e8272f869','2017-01-07 17:44:15','2017-10-11 16:10:41',2,'d00ae4150090458eb1ebab71d9b7e522','Changed razor','2017-10-11 12:00:00',6,2),('9b977f6c481d4a058380283be1d24422','2016-12-10 15:04:15','2018-05-09 11:37:34',25,'52f06c519e0f42dead1ba516bb82cca7','Group meeting','2018-05-08 12:00:00',9,9),('a4724501a2c845b0b4b648f83402b549','2017-01-22 13:08:30','2018-02-23 18:12:42',8,'52f06c519e0f42dead1ba516bb82cca7','Furnace filter change','2018-02-17 11:42:19',5,3),('a739b587e94b456cb9685a4734ccc095','2016-12-09 03:47:54','2016-12-09 03:47:57',1,'d00ae4150090458eb1ebab71d9b7e522','Ryan freak out at night','2016-12-08 21:47:57',1,1),('c4496f78f77a45429ac6c33d3686dc77','2016-12-09 03:49:05','2017-02-14 00:29:13',26,'d00ae4150090458eb1ebab71d9b7e522','Worked out','2017-02-13 12:00:00',2,24),('cf51344a52f44bdbb270c68ec7465561','2016-12-13 18:33:44','2018-05-15 11:12:58',256,'52f06c519e0f42dead1ba516bb82cca7','Gym','2018-05-14 08:30:00',12,152),('cf96c823a6f641e79fe841b8025c9589','2017-04-20 11:38:04','2018-02-23 18:12:42',7,'52f06c519e0f42dead1ba516bb82cca7','Rectal Pain','2017-10-09 12:00:00',4,2),('dc65929db1ea4458a103d5a84d08da8f','2016-12-20 00:39:05','2017-04-03 03:19:09',5,'d00ae4150090458eb1ebab71d9b7e522','Temple','2017-03-09 12:00:00',3,5);
/*!40000 ALTER TABLE `beanlet` ENABLE KEYS */;
UNLOCK TABLES;

--
-- Table structure for table `remember_me_token`
--

DROP TABLE IF EXISTS `remember_me_token`;
/*!40101 SET @saved_cs_client     = @@character_set_client */;
/*!40101 SET character_set_client = utf8 */;
CREATE TABLE `remember_me_token` (
  `username` varchar(64) NOT NULL,
  `series` varchar(64) NOT NULL,
  `token` varchar(64) NOT NULL,
  `last_used` datetime NOT NULL,
  PRIMARY KEY (`series`),
  KEY `rmt_username_idx` (`username`)
) ENGINE=InnoDB DEFAULT CHARSET=utf8;
/*!40101 SET character_set_client = @saved_cs_client */;

--
-- Dumping data for table `remember_me_token`
--

LOCK TABLES `remember_me_token` WRITE;
/*!40000 ALTER TABLE `remember_me_token` DISABLE KEYS */;
INSERT INTO `remember_me_token` VALUES ('frauminer@gmail.com','5qui2Q07jrLpeZecv0fs4A==','fZPM+6EHPyAOf+m6Wb9AWg==','2017-10-13 11:30:40'),('herrminer@gmail.com','j6wQSTX1aSBPcDCVYwM+XQ==','xOGRRTfjzFbJog27Fa8a9g==','2018-05-21 19:08:38');
/*!40000 ALTER TABLE `remember_me_token` ENABLE KEYS */;
UNLOCK TABLES;

--
-- Table structure for table `user`
--

DROP TABLE IF EXISTS `user`;
/*!40101 SET @saved_cs_client     = @@character_set_client */;
/*!40101 SET character_set_client = utf8 */;
CREATE TABLE `user` (
  `id` char(32) NOT NULL,
  `date_created` datetime NOT NULL,
  `date_modified` datetime NOT NULL,
  `version` int(11) DEFAULT NULL,
  `email` varchar(255) NOT NULL,
  `password` varchar(255) NOT NULL,
  `account_non_expired` bit(1) DEFAULT b'1',
  `account_non_locked` bit(1) DEFAULT b'1',
  `credentials_non_expired` bit(1) DEFAULT b'1',
  `enabled` bit(1) DEFAULT b'1',
  `time_zone` varchar(64) DEFAULT NULL,
  PRIMARY KEY (`id`),
  UNIQUE KEY `usr_eml_unique` (`email`)
) ENGINE=InnoDB DEFAULT CHARSET=utf8;
/*!40101 SET character_set_client = @saved_cs_client */;

--
-- Dumping data for table `user`
--

LOCK TABLES `user` WRITE;
/*!40000 ALTER TABLE `user` DISABLE KEYS */;
INSERT INTO `user` VALUES ('52f06c519e0f42dead1ba516bb82cca7','2016-07-01 12:00:00','2016-07-01 12:00:00',0,'herrminer@gmail.com','$2a$10$6ENy8H/XGUyb5iLmhKi7fOyHQ5RFw9Z7fF0JzlRHvxoNCXEHgltUq','','','','','America/Chicago'),('d00ae4150090458eb1ebab71d9b7e522','2016-07-01 12:00:00','2016-07-01 12:00:00',0,'frauminer@gmail.com','$2a$10$zcJ44p9QMwewjZqaRP0n5ePT/VNNyCnc.xYVKb8MIK0aHRAgmCQ6K','','','','','America/Chicago');
/*!40000 ALTER TABLE `user` ENABLE KEYS */;
UNLOCK TABLES;

--
-- Table structure for table `user_role`
--

DROP TABLE IF EXISTS `user_role`;
/*!40101 SET @saved_cs_client     = @@character_set_client */;
/*!40101 SET character_set_client = utf8 */;
CREATE TABLE `user_role` (
  `id` char(32) NOT NULL,
  `date_created` datetime NOT NULL,
  `date_modified` datetime NOT NULL,
  `version` int(11) DEFAULT NULL,
  `user_id` char(32) NOT NULL,
  `role_type` varchar(50) NOT NULL,
  PRIMARY KEY (`id`),
  KEY `user_role_user_id_idx` (`user_id`)
) ENGINE=InnoDB DEFAULT CHARSET=utf8;
/*!40101 SET character_set_client = @saved_cs_client */;

--
-- Dumping data for table `user_role`
--

LOCK TABLES `user_role` WRITE;
/*!40000 ALTER TABLE `user_role` DISABLE KEYS */;
INSERT INTO `user_role` VALUES ('3c64e2ee78fc42ecb3baff1a1e18e443','2016-07-01 12:00:00','2016-07-01 12:00:00',0,'52f06c519e0f42dead1ba516bb82cca7','ROLE_ADMIN'),('c22b4f571cbf4f30b8a91e86a62b1369','2016-07-01 12:00:00','2016-07-01 12:00:00',0,'d00ae4150090458eb1ebab71d9b7e522','ROLE_USER'),('f3b8a9fa36dd4c6ca2774f1d1331d85f','2016-07-01 12:00:00','2016-07-01 12:00:00',0,'52f06c519e0f42dead1ba516bb82cca7','ROLE_USER');
/*!40000 ALTER TABLE `user_role` ENABLE KEYS */;
UNLOCK TABLES;
/*!40103 SET TIME_ZONE=@OLD_TIME_ZONE */;

/*!40101 SET SQL_MODE=@OLD_SQL_MODE */;
/*!40014 SET FOREIGN_KEY_CHECKS=@OLD_FOREIGN_KEY_CHECKS */;
/*!40014 SET UNIQUE_CHECKS=@OLD_UNIQUE_CHECKS */;
/*!40101 SET CHARACTER_SET_CLIENT=@OLD_CHARACTER_SET_CLIENT */;
/*!40101 SET CHARACTER_SET_RESULTS=@OLD_CHARACTER_SET_RESULTS */;
/*!40101 SET COLLATION_CONNECTION=@OLD_COLLATION_CONNECTION */;
/*!40111 SET SQL_NOTES=@OLD_SQL_NOTES */;

-- Dump completed on 2018-05-29  0:31:25
